InvoiceID,CustomerID,InvoiceDate,BillAmount
INV00001,C022,05-02-2023,53752
INV00002,C012,12-02-2023,33511
INV00003,C012,12-02-2023,33850
INV00004,C012,20-02-2023,42573
INV00005,C035,28-02-2023,24283
INV00006,C012,05-03-2023,55497
INV00007,C035,09-03-2023,28688
INV00008,C011,12-03-2023,4807
INV00009,C010,14-03-2023,56073
INV00010,C011,15-03-2023,38105
INV00011,C022,15-03-2023,35506
INV00012,C015,16-03-2023,58998
INV00013,C015,17-03-2023,42200
INV00014,C011,18-03-2023,43671
INV00015,C010,21-03-2023,35645
INV00016,C005,22-03-2023,57646
INV00017,C008,23-03-2023,48501
INV00018,C012,23-03-2023,23008
INV00019,C007,26-03-2023,53953
INV00020,C009,27-03-2023,35020
INV00021,C035,27-03-2023,46965
INV00022,C022,01-04-2023,37575
INV00023,C015,03-04-2023,33385
INV00024,C022,05-04-2023,49280
INV00025,C012,06-04-2023,39520
INV00026,C012,07-04-2023,31877
INV00027,C007,09-04-2023,3950
INV00028,C001,10-04-2023,27851
INV00029,C008,10-04-2023,57439
INV00030,C033,11-04-2023,57885
INV00031,C008,13-04-2023,20515
INV00032,C009,13-04-2023,52312
INV00033,C009,15-04-2023,25930
INV00034,C001,16-04-2023,23584
INV00035,C002,17-04-2023,35936
INV00036,C035,18-04-2023,44787
INV00037,C002,19-04-2023,31991
INV00038,C010,19-04-2023,43326
INV00039,C010,19-04-2023,18735
INV00040,C001,21-04-2023,42884
INV00041,C011,23-04-2023,36166
INV00042,C015,23-04-2023,29961
INV00043,C033,23-04-2023,46215
INV00044,C015,24-04-2023,55010
INV00045,C001,25-04-2023,31920
INV00046,C005,26-04-2023,27215
INV00047,C008,26-04-2023,33412
INV00048,C007,27-04-2023,3572
INV00049,C017,27-04-2023,21759
INV00050,C009,28-04-2023,27670
INV00051,C006,01-05-2023,11558
INV00052,C009,02-05-2023,48046
INV00053,C004,03-05-2023,58509
INV00054,C005,03-05-2023,4611
INV00055,C009,03-05-2023,25999
INV00056,C010,04-05-2023,46197
INV00057,C011,04-05-2023,31916
INV00058,C017,05-05-2023,29274
INV00059,C003,06-05-2023,14890
INV00060,C008,06-05-2023,7262
INV00061,C010,06-05-2023,16780
INV00062,C008,07-05-2023,51250
INV00063,C012,07-05-2023,38321
INV00064,C005,09-05-2023,28955
INV00065,C033,09-05-2023,38213
INV00066,C012,10-05-2023,51875
INV00067,C003,11-05-2023,21620
INV00068,C012,11-05-2023,42079
INV00069,C017,11-05-2023,11887
INV00070,C006,13-05-2023,-6329
INV00071,C026,14-05-2023,55095
INV00072,C007,15-05-2023,40789
INV00073,C002,16-05-2023,43472
INV00074,C005,16-05-2023,28479
INV00075,C008,16-05-2023,6595
INV00076,C009,16-05-2023,22478
INV00077,C017,16-05-2023,51398
INV00078,C008,17-05-2023,10468
INV00079,C013,17-05-2023,45663
INV00080,C004,18-05-2023,-3151
INV00081,C009,18-05-2023,32333
INV00082,C015,18-05-2023,43508
INV00083,C017,20-05-2023,38178
INV00084,C008,21-05-2023,30214
INV00085,C014,21-05-2023,38889
INV00086,C002,22-05-2023,14087
INV00087,C009,24-05-2023,18039
INV00088,C013,25-05-2023,53900
INV00089,C011,26-05-2023,46059
INV00090,C008,27-05-2023,54040
INV00091,C014,27-05-2023,53737
INV00092,C009,30-05-2023,26295
INV00093,C015,30-05-2023,25114
INV00094,C022,30-05-2023,43011
INV00095,C010,31-05-2023,35003
INV00096,C005,02-06-2023,58669
INV00097,C010,02-06-2023,34404
INV00098,C015,02-06-2023,50973
INV00099,C007,03-06-2023,34990
INV00100,C013,03-06-2023,20028
INV00101,C008,04-06-2023,32647
INV00102,C015,05-06-2023,46430
INV00103,C001,06-06-2023,30429
INV00104,C012,06-06-2023,20533
INV00105,C026,07-06-2023,8530
INV00106,C027,08-06-2023,57731
INV00107,C002,09-06-2023,53964
INV00108,C006,09-06-2023,22274
INV00109,C015,09-06-2023,43690
INV00110,C013,12-06-2023,7508
INV00111,C015,12-06-2023,20841
INV00112,C027,12-06-2023,3797
INV00113,C008,13-06-2023,33998
INV00114,C010,13-06-2023,24857
INV00115,C006,14-06-2023,16953
INV00116,C011,14-06-2023,45805
INV00117,C031,14-06-2023,34937
INV00118,C001,16-06-2023,22805
INV00119,C009,16-06-2023,54494
INV00120,C014,16-06-2023,24616
INV00121,C018,16-06-2023,19983
INV00122,C003,17-06-2023,40186
INV00123,C022,17-06-2023,39794
INV00124,C022,17-06-2023,29570
INV00125,C035,17-06-2023,58709
INV00126,C006,18-06-2023,8137
INV00127,C005,19-06-2023,47996
INV00128,C005,20-06-2023,43246
INV00129,C015,22-06-2023,51147
INV00130,C015,22-06-2023,17103
INV00131,C054,22-06-2023,13685
INV00861,,22-01-2024,45030
INV00132,C004,23-06-2023,6612
INV00133,C025,23-06-2023,41183
INV00134,C027,23-06-2023,3529
INV00135,C001,24-06-2023,16101
INV00136,C003,24-06-2023,14875
INV00137,C004,24-06-2023,44750
INV00138,C015,24-06-2023,33110
INV00139,C001,26-06-2023,37588
INV00140,C005,26-06-2023,30366
INV00141,C010,26-06-2023,29945
INV00142,C029,26-06-2023,12826
INV00143,C060,26-06-2023,5188
INV00144,C007,27-06-2023,58698
INV00145,C008,28-06-2023,41105
INV00146,C054,28-06-2023,10101
INV00147,C026,29-06-2023,40466
INV00148,C027,29-06-2023,51927
INV00149,C031,29-06-2023,12528
INV00150,C007,30-06-2023,52147
INV00151,C008,30-06-2023,29596
INV00152,C011,30-06-2023,33340
INV00153,C014,30-06-2023,9084
INV00154,C014,30-06-2023,51263
INV00155,C009,01-07-2023,25952
INV00156,C008,02-07-2023,59150
INV00157,C034,02-07-2023,24406
INV00158,C035,02-07-2023,30375
INV00159,C011,03-07-2023,59530
INV00160,C013,03-07-2023,45150
INV00161,C018,03-07-2023,41562
INV00162,C003,04-07-2023,21916
INV00163,C017,04-07-2023,3702
INV00164,C017,04-07-2023,5336
INV00165,C029,04-07-2023,31455
INV00166,C034,04-07-2023,39672
INV00167,C003,05-07-2023,46821
INV00168,C014,05-07-2023,22977
INV00169,C004,07-07-2023,28669
INV00170,C007,07-07-2023,7074
INV00171,C027,07-07-2023,31543
INV00172,C009,08-07-2023,4264
INV00173,C004,09-07-2023,51084
INV00174,C001,10-07-2023,33351
INV00175,C008,10-07-2023,16539
INV00176,C025,10-07-2023,53756
INV00177,C011,11-07-2023,29428
INV00178,C006,12-07-2023,59886
INV00179,C014,12-07-2023,6394
INV00180,C017,12-07-2023,44306
INV00181,C005,13-07-2023,8121
INV00182,C004,15-07-2023,18433
INV00183,C012,16-07-2023,40224
INV00184,C014,16-07-2023,4434
INV00185,C018,17-07-2023,39810
INV00186,C006,18-07-2023,15895
INV00187,C018,18-07-2023,38877
INV00188,C015,19-07-2023,48750
INV00189,C021,19-07-2023,30570
INV00190,C021,19-07-2023,27713
INV00191,C029,19-07-2023,21859
INV00192,C015,20-07-2023,32770
INV00193,C033,20-07-2023,37207
INV00194,C018,21-07-2023,53499
INV00195,C040,21-07-2023,44892
INV00196,C060,21-07-2023,44416
INV00197,C054,22-07-2023,59658
INV00198,C012,23-07-2023,16853
INV00199,C014,24-07-2023,19890
INV00200,C021,24-07-2023,22578
INV00201,C029,24-07-2023,5104
INV00202,C034,24-07-2023,41001
INV00203,C011,25-07-2023,35037
INV00204,C021,25-07-2023,26728
INV00205,C034,26-07-2023,26830
INV00206,C008,27-07-2023,58777
INV00207,C035,27-07-2023,7674
INV00208,C006,28-07-2023,15413
INV00209,C031,28-07-2023,33296
INV00210,C034,28-07-2023,32728
INV00211,C015,29-07-2023,42941
INV00212,C002,30-07-2023,40425
INV00213,C013,30-07-2023,39180
INV01295,C050,,30687
INV00214,C031,30-07-2023,18652
INV00215,C034,30-07-2023,37189
INV00216,C002,31-07-2023,26258
INV00217,C013,31-07-2023,10369
INV00218,C004,01-08-2023,30075
INV00219,C005,01-08-2023,5461
INV00220,C007,01-08-2023,5811
INV00221,C025,01-08-2023,53338
INV00222,C021,02-08-2023,19162
INV00223,C023,02-08-2023,37307
INV00224,C008,03-08-2023,53240
INV00225,C020,03-08-2023,47269
INV00226,C006,04-08-2023,33954
INV00227,C009,04-08-2023,44675
INV00228,C014,04-08-2023,4130
INV00229,C035,04-08-2023,58968
INV00230,C014,05-08-2023,35547
INV00231,C007,06-08-2023,12136
INV00232,C021,06-08-2023,46716
INV00233,C003,08-08-2023,51707
INV01131,C029,11-05-2024,
INV00234,C009,08-08-2023,36993
INV00235,C022,08-08-2023,14809
INV00236,C033,08-08-2023,24173
INV00237,C009,09-08-2023,14542
INV00238,C035,09-08-2023,41430
INV00239,C005,10-08-2023,52882
INV00240,C011,10-08-2023,3532
INV00241,C014,10-08-2023,21690
INV00242,C018,10-08-2023,20946
INV00243,C020,10-08-2023,17388
INV00244,C023,10-08-2023,19047
INV00245,C001,11-08-2023,16209
INV00246,C014,11-08-2023,54934
INV00247,C014,11-08-2023,20944
INV00248,C020,11-08-2023,37908
INV00249,C027,12-08-2023,50756
INV00250,C031,12-08-2023,25852
INV00251,C001,14-08-2023,25255
INV00252,C011,14-08-2023,18784
INV00253,C026,14-08-2023,45023
INV00254,C004,15-08-2023,19430
INV00255,C008,15-08-2023,51356
INV00256,C017,15-08-2023,55467
INV00257,C034,16-08-2023,36038
INV00258,C005,17-08-2023,17907
INV01096,C018,28-04-2024,17063
INV00259,C006,17-08-2023,57495
INV01639,C011,24-11-2024,6038
INV00260,C014,17-08-2023,19346
INV00261,C020,17-08-2023,35527
INV00262,C001,18-08-2023,13592
INV00263,C003,18-08-2023,3899
INV00264,C007,18-08-2023,21701
INV00265,C008,18-08-2023,6944
INV02170,C016,13-06-2025,18779
INV00266,C018,18-08-2023,50116
INV00267,C060,18-08-2023,13613
INV00268,C002,19-08-2023,18309
 INV00467,C053,28-10-2023,25007
INV00269,C002,19-08-2023,58169
INV00270,C003,19-08-2023,3346
INV00271,C011,19-08-2023,50070
INV00272,C014,21-08-2023,19079
INV00273,C014,21-08-2023,17025
INV00274,C008,22-08-2023,19907
INV00275,C012,22-08-2023,17917
INV00276,C018,22-08-2023,34728
INV00277,C026,22-08-2023,5438
INV00278,C031,22-08-2023,33499
INV00279,C001,24-08-2023,57625
INV00280,C033,24-08-2023,21631
INV00281,C023,25-08-2023,10985
INV00282,C007,26-08-2023,49579
INV00283,C014,26-08-2023,24449
INV00284,C004,27-08-2023,38075
INV00285,C003,30-08-2023,7171
INV00286,C011,30-08-2023,56281
INV00287,C001,31-08-2023,16937
INV00288,C009,31-08-2023,21490
INV00289,C012,31-08-2023,39379
INV00290,C023,31-08-2023,11681
INV00291,C002,01-09-2023,20415
INV00292,C009,01-09-2023,29838
INV00293,C014,01-09-2023,28086
INV00294,C030,01-09-2023,46689
INV00295,C007,02-09-2023,33953
INV00296,C018,02-09-2023,21556
INV00297,C022,02-09-2023,35591
INV00298,C031,02-09-2023,19310
INV00299,C034,02-09-2023,16576
INV00300,C025,03-09-2023,40930
INV00301,C015,04-09-2023,12050
INV00302,C027,04-09-2023,8154
INV00303,C029,04-09-2023,26703
INV00304,C007,05-09-2023,56977
INV00305,C015,05-09-2023,14670
INV00306,C021,05-09-2023,43970
INV00307,C022,06-09-2023,28242
INV00308,C026,06-09-2023,26116
INV00309,C035,06-09-2023,18134
INV00310,C004,07-09-2023,51503
INV00311,C004,07-09-2023,9830
INV00312,C007,07-09-2023,20405
INV00313,C008,07-09-2023,51375
INV00314,C020,07-09-2023,43219
INV00315,C029,07-09-2023,50524
INV00316,C060,07-09-2023,55914
INV00317,C014,08-09-2023,12487
INV00318,C014,08-09-2023,18363
INV00319,C017,08-09-2023,14035
INV00320,C031,08-09-2023,59185
INV00321,C034,08-09-2023,17339
INV00322,C004,09-09-2023,28607
INV00323,C014,10-09-2023,9733
INV00324,C031,10-09-2023,17837
INV00325,C013,11-09-2023,4401
INV00326,C015,11-09-2023,11231
INV00327,C010,12-09-2023,14537
INV00328,C010,12-09-2023,112696
INV00329,C014,13-09-2023,59545
INV00330,C025,13-09-2023,35147
INV00331,C026,13-09-2023,5888
INV00332,C029,13-09-2023,32705
INV00333,C040,13-09-2023,10623
INV00334,C004,14-09-2023,20505
INV00335,C011,14-09-2023,44169
INV00336,C021,14-09-2023,16603
INV00337,C012,15-09-2023,25541
INV00338,C020,15-09-2023,3955
INV00339,C007,16-09-2023,32770
INV00340,C010,16-09-2023,55150
INV00341,C042,17-09-2023,57445
INV00342,C007,18-09-2023,20848
INV00343,C021,18-09-2023,8511
INV00344,C029,18-09-2023,36994
INV00345,C033,18-09-2023,17640
INV00346,C009,19-09-2023,9275
INV00347,C030,19-09-2023,58553
INV00348,C026,20-09-2023,58095
INV00349,C011,21-09-2023,43915
INV00350,C027,21-09-2023,35056
INV00351,C033,21-09-2023,54105
INV01239,C022  ,28-06-2024,35717
INV00352,C002,22-09-2023,22708
INV00353,C015,22-09-2023,13495
INV00354,C029,22-09-2023,14091
INV00355,C030,22-09-2023,8127
INV00356,C003,23-09-2023,33459
INV00357,C006,23-09-2023,16850
INV00358,C006,23-09-2023,12001
INV00359,C007,23-09-2023,51401
INV00360,C029,23-09-2023,6460
INV00361,C003,24-09-2023,43841
INV00362,C050,24-09-2023,36052
INV00363,C002,25-09-2023,54245
INV00364,C023,25-09-2023,25966
INV00365,C014,26-09-2023,44311
INV00366,C023,27-09-2023,4926
INV00367,C005,28-09-2023,52830
INV00368,C057,28-09-2023,15755
INV00369,C010,29-09-2023,25236
INV00370,C029,29-09-2023,51458
INV00371,C016,30-09-2023,50003
INV00372,C021,30-09-2023,23907
INV00373,C002,01-10-2023,40812
INV00374,C027,01-10-2023,16011
INV00375,C033,01-10-2023,57131
INV00376,C050,01-10-2023,33898
INV00377,C010,02-10-2023,33006
INV00378,C014,02-10-2023,42696
INV00379,C015,02-10-2023,45918
INV00380,C017,02-10-2023,48722
INV00381,C026,02-10-2023,12333
INV00382,C031,02-10-2023,54955
INV00383,C005,04-10-2023,44619
INV00384,C015,04-10-2023,26456
INV00385,C016,04-10-2023,37597
INV00386,C016,04-10-2023,29084
INV00387,C008,05-10-2023,40858
INV00388,C008,05-10-2023,7237
INV00389,C034,05-10-2023,26604
INV00390,C014,06-10-2023,36140
INV00391,C020,06-10-2023,31568
INV00392,C021,06-10-2023,22930
INV00393,C060,06-10-2023,34644
INV00331,CU026,13-09-2023,6415
INV00394,C057,07-10-2023,26438
INV00395,C018,08-10-2023,28735
INV01483,,07-10-2024,8879
INV00396,C034,08-10-2023,45109
INV00397,C002,09-10-2023,45848
INV00398,C010,09-10-2023,29334
INV00399,C017,09-10-2023,36945
INV00400,C053,09-10-2023,59238
INV00401,C021,10-10-2023,10948
INV00402,C023,10-10-2023,27954
INV00403,C004,11-10-2023,34492
INV00404,C010,11-10-2023,36330
INV00405,C016,11-10-2023,17111
INV00406,C025,11-10-2023,22743
INV00407,C034,11-10-2023,51115
INV00408,C006,12-10-2023,15086
INV00409,C016,12-10-2023,31409
INV00410,C031,12-10-2023,39984
INV00411,C045,12-10-2023,23763
INV00412,C009,13-10-2023,51987
INV00413,C001,14-10-2023,49470
INV00414,C010,14-10-2023,21080
INV02136,C046,,53171
INV00415,C020,14-10-2023,28592
INV00416,C029,14-10-2023,41712
INV00417,C016,15-10-2023,32610
INV00418,C031,15-10-2023,40067
INV00419,C034,15-10-2023,40874
INV00420,C042,15-10-2023,31434
INV00421,C005,16-10-2023,15080
INV00422,C010,16-10-2023,19808
INV00423,C021,16-10-2023,27222
INV00424,C035,16-10-2023,31337
INV00425,C053,16-10-2023,41665
INV00426,C004,17-10-2023,8033
INV00427,C005,17-10-2023,23682
INV00428,C005,17-10-2023,10278
INV00429,C003,18-10-2023,42899
INV00430,C005,18-10-2023,50382
INV00431,C007,18-10-2023,10515
INV00432,C016,18-10-2023,44516
INV00433,C002,19-10-2023,34195
INV00434,C011,19-10-2023,38263
INV00435,C022,20-10-2023,35320
INV00436,C023,20-10-2023,47561
INV00437,C029,20-10-2023,16260
INV00438,C001,21-10-2023,21639
INV00439,C015,21-10-2023,38315
INV00440,C023,21-10-2023,29599
INV00441,C029,21-10-2023,50201
INV00442,C008,22-10-2023,9425
INV00131,C054,22-06-2023,
INV00443,C016,22-10-2023,7571
INV00444,C030,22-10-2023,53766
INV00445,C031,22-10-2023,9444
INV00446,C008,23-10-2023,35027
INV00447,C001,24-10-2023,29484
INV00448,C008,24-10-2023,23576
INV00449,C009,24-10-2023,45099
INV00450,C013,24-10-2023,43978
INV00451,C013,24-10-2023,19170
INV00452,C028,24-10-2023,51554
INV00453,C028,24-10-2023,43281
INV00454,C017,25-10-2023,26420
INV00455,C001,26-10-2023,40555
INV00456,C004,26-10-2023,20682
INV00457,C007,26-10-2023,54569
INV00458,C030,26-10-2023,9274
INV00459,C042,26-10-2023,4438
INV00460,C050,26-10-2023,50047
INV00461,C057,26-10-2023,24609
INV00462,C009,27-10-2023,4017
INV00463,C054,27-10-2023,29092
INV00464,C030,28-10-2023,55228
INV00465,C034,28-10-2023,36199
INV00466,C050,28-10-2023,15232
INV00467,C053,28-10-2023,58381
INV00468,C013,29-10-2023,40111
INV00469,C057,29-10-2023,23958
INV00470,C006,30-10-2023,52480
INV00471,C008,30-10-2023,46381
INV00472,C016,30-10-2023,26707
INV00473,C028,30-10-2023,24066
INV00474,C011,31-10-2023,40233
INV00475,C021,31-10-2023,20250
INV00476,C031,31-10-2023,43484
INV00477,C040,31-10-2023,24222
INV00478,C003,01-11-2023,48368
INV00479,C006,01-11-2023,29909
INV00480,C028,01-11-2023,3673
INV00481,C006,02-11-2023,29196
INV00482,C017,02-11-2023,49644
INV00483,C028,02-11-2023,26004
INV00484,C033,02-11-2023,55632
INV00485,C023,04-11-2023,45198
INV00486,C028,04-11-2023,7184
INV00487,C028,04-11-2023,34375
INV00488,C006,05-11-2023,8306
INV00489,C016,05-11-2023,29294
INV00490,C003,06-11-2023,7816
INV00491,C031,06-11-2023,49880
INV00492,C053,06-11-2023,30662
INV00493,C058,06-11-2023,21114
INV00494,C023,07-11-2023,48656
INV00495,C042,07-11-2023,57264
INV00496,C057,07-11-2023,20327
INV00497,C007,08-11-2023,47519
INV00498,C007,08-11-2023,57120
INV00499,C045,08-11-2023,43073
INV00500,C053,08-11-2023,3458
INV00501,C002,09-11-2023,44660
INV00502,C031,09-11-2023,52508
INV00503,C054,09-11-2023,16368
INV00504,C010,10-11-2023,27640
INV00505,C021,10-11-2023,19292
INV00506,C022,10-11-2023,33741
INV00507,C028,10-11-2023,21249
INV00508,C002,11-11-2023,32742
INV00509,C008,11-11-2023,49343
INV00510,C040,11-11-2023,38927
INV00511,C019,12-11-2023,49447
INV00512,C039,12-11-2023,53853
INV01686,C020,12-12-2024,24068
INV00513,C050,12-11-2023,58495
INV00514,C002,13-11-2023,31899
INV00515,C017,13-11-2023,46940
INV00516,C022,13-11-2023,26014
INV00517,C028,13-11-2023,20530
INV00518,C053,13-11-2023,39842
INV00519,C007,14-11-2023,5982
INV00520,C009,14-11-2023,35444
INV00521,C015,14-11-2023,8806
INV00522,C016,14-11-2023,19065
INV00523,C016,14-11-2023,30247
INV00524,C019,14-11-2023,59134
INV00525,C023,14-11-2023,18405
INV00526,C030,14-11-2023,28363
INV00527,C045,14-11-2023,36460
INV00528,C045,14-11-2023,12869
INV00529,C058,14-11-2023,32313
INV00530,C001,15-11-2023,32111
INV00531,C013,15-11-2023,31518
INV00770,C037,28-12-2023,40460
INV00532,C015,15-11-2023,50740
INV00533,C022,15-11-2023,38217
INV00534,C031,15-11-2023,12558
INV00535,C060,15-11-2023,22117
INV00536,C006,16-11-2023,50181
INV00537,C013,16-11-2023,51368
INV00538,C023,16-11-2023,52472
INV00539,C054,16-11-2023,43492
INV00540,C005,17-11-2023,40906
INV00541,C007,17-11-2023,44456
INV02392,C045,11-Sep-25,55722
INV00542,C030,17-11-2023,42595
INV00543,C050,18-11-2023,11951
INV00544,C016,19-11-2023,52712
INV00545,C019,19-11-2023,40196
INV00546,C020,19-11-2023,29323
INV00547,C020,19-11-2023,19139
INV00548,C020,19-11-2023,9402
INV00549,C035,19-11-2023,46698
INV00550,C006,20-11-2023,48656
INV00551,C019,20-11-2023,35790
INV02434,C0 49,29-09-2025,32779
INV00552,C036,20-11-2023,31984
INV00553,C040,20-11-2023,55222
INV00554,C015,21-11-2023,47593
INV00555,C005,22-11-2023,15350
INV00556,C019,22-11-2023,47877
INV00557,C028,22-11-2023,17092
INV00558,C048,22-11-2023,20100
INV00559,C054,22-11-2023,30440
INV00560,C027,23-11-2023,45991
INV00561,C030,23-11-2023,13328
INV00562,C035,23-11-2023,8952
INV00563,C004,24-11-2023,27231
INV00564,C010,24-11-2023,12274
INV00565,C014,24-11-2023,43141
INV00566,C020,24-11-2023,14455
INV00567,C024,24-11-2023,39308
INV00568,C024,24-11-2023,41125
INV00569,C030,24-11-2023,44022
INV00570,C033,24-11-2023,32025
INV00571,C045,24-11-2023,53638
INV00572,C012,25-11-2023,22539
INV01216,CU021,19-06-2024,13459
INV00573,C019,25-11-2023,47792
INV00956,,03-03-2024,55461
INV00574,C002,26-11-2023,24691
INV00575,C011,26-11-2023,59171
INV00576,C016,26-11-2023,16945
INV00577,C032,26-11-2023,54602
INV00578,C033,26-11-2023,30446
INV00579,C039,26-11-2023,49519
INV02325,C042,,53065
INV00580,C042,26-11-2023,36610
INV00581,C003,27-11-2023,14843
INV00582,C039,27-11-2023,35911
INV00583,C050,27-11-2023,53588
INV00584,C018,28-11-2023,56149
INV00585,C019,28-11-2023,40998
INV00586,C024,28-11-2023,35716
INV00587,C032,28-11-2023,46506
INV01185,C039,06-06-2024,
INV00588,C015,29-11-2023,52964
INV00589,C023,29-11-2023,30194
INV00590,C032,29-11-2023,34128
INV00591,C032,29-11-2023,25826
INV00592,C016,30-11-2023,23792
INV00593,C018,30-11-2023,20342
INV00594,C019,30-11-2023,22702
INV00595,C040,30-11-2023,35069
INV00596,C042,30-11-2023,18195
INV00597,C002,01-12-2023,31174
INV00598,C018,01-12-2023,44341
INV00599,C019,01-12-2023,49566
INV00600,C019,01-12-2023,34942
INV00601,C024,01-12-2023,9530
INV00602,C028,01-12-2023,47537
INV00603,C032,01-12-2023,32983
INV00604,C039,01-12-2023,4208
INV00605,C002,02-12-2023,55552
INV00606,C014,02-12-2023,5764
INV00607,C025,02-12-2023,32678
INV00608,C036,02-12-2023,51517
INV00609,C006,03-12-2023,41327
INV00610,C013,03-12-2023,23047
INV00611,C018,03-12-2023,30942
INV00612,C019,03-12-2023,3312
INV00613,C024,03-12-2023,59266
INV00614,C027,03-12-2023,43039
INV00615,C030,03-12-2023,50629
INV00616,C032,03-12-2023,25889
INV00617,C032,03-12-2023,44301
INV00618,C048,03-12-2023,16365
INV00619,C058,03-12-2023,30875
INV00620,C032,04-12-2023,10044
INV00621,C034,04-12-2023,30506
INV00622,C058,04-12-2023,48507
INV00623,C019,05-12-2023,35713
INV00624,C025,05-12-2023,9760
INV00625,C026,05-12-2023,14309
INV00626,C026,05-12-2023,6348
INV00627,C029,05-12-2023,6239
INV00628,C030,05-12-2023,51476
INV00629,C032,05-12-2023,19125
INV00630,C033,05-12-2023,55216
INV00631,C009,06-12-2023,26240
INV00632,C012,06-12-2023,28145
INV00633,C013,06-12-2023,29681
INV00634,C024,06-12-2023,51760
INV00635,C042,06-12-2023,56966
INV00636,C007,07-12-2023,7476
INV00637,C015,07-12-2023,43050
INV00638,C020,07-12-2023,11997
INV00639,C032,07-12-2023,24226
INV00460,C050,26-10-2023,34735
INV00640,C036,07-12-2023,54752
INV00022,C022,01-04-2023,46955
INV00641,C053,07-12-2023,23271
INV00642,C001,08-12-2023,14699
INV00643,C013,08-12-2023,6583
INV00644,C006,09-12-2023,28755
INV00645,C009,09-12-2023,57232
INV02301,C014,07-08-2025,48586
INV00646,C014,09-12-2023,14618
INV00647,C016,09-12-2023,31595
INV00648,C032,09-12-2023,56801
INV00649,C039,09-12-2023,9356
INV00650,C012,10-12-2023,26964
INV00651,C035,10-12-2023,57965
INV00652,C048,10-12-2023,5718
INV00653,C049,10-12-2023,17936
INV00654,C050,10-12-2023,37357
INV00655,C003,11-12-2023,31137
INV00656,C013,11-12-2023,48822
INV00657,C013,11-12-2023,47480
INV00658,C015,11-12-2023,50195
INV00659,C024,11-12-2023,31429
INV00660,C027,11-12-2023,37489
INV00661,C028,11-12-2023,10589
INV00662,C051,11-12-2023,44788
INV00663,C058,11-12-2023,56241
INV00664,C022,12-12-2023,56542
INV00748 ,C051,24-12-2023,19233
INV00665,C024,12-12-2023,33865
INV00475,C021  ,31-10-2023,43306
INV00666,C026,12-12-2023,29609
INV01083,C008 ,24-04-2024,23219
INV00667,C034,12-12-2023,51924
INV00668,C049,12-12-2023,58248
INV00669,C049,12-12-2023,24815
INV00670,C007,13-12-2023,44252
INV00671,C017,13-12-2023,5805
INV02559,,18-11-2025,27569
INV00672,C019,13-12-2023,29201
INV00673,C024,13-12-2023,15663
INV00674,C025,13-12-2023,21918
INV00675,C028,13-12-2023,18155
INV00676,C028,13-12-2023,26131
INV00677,C029,13-12-2023,30238
INV00678,C032,13-12-2023,42811
INV02048,C018,,19718
INV00679,C004,14-12-2023,27077
INV00680,C019,14-12-2023,24971
INV00976,C002,12-03-2024,
INV00681,C024,14-12-2023,10234
INV00682,C028,14-12-2023,25905
INV01807,C057,23-01-2025,42366
INV00683,C030,14-12-2023,36977
INV00684,C051,14-12-2023,35067
INV00685,C057,14-12-2023,34915
INV00686,C014,15-12-2023,48748
INV00687,C017,15-12-2023,24493
INV00688,C020,15-12-2023,58845
INV00689,C023,15-12-2023,15636
INV00690,C025,15-12-2023,32958
INV00691,C030,15-12-2023,48929
INV00692,C032,15-12-2023,59975
INV00693,C039,15-12-2023,18202
INV00694,C058,15-12-2023,35033
INV00695,C038,16-12-2023,8037
INV00190,C021,19-07-2023,56105
INV00696,C051,16-12-2023,19160
INV00697,C003,17-12-2023,19588
INV00698,C003,17-12-2023,59616
INV00699,C019,17-12-2023,55018
INV00700,C028,17-12-2023,3674
INV00701,C036,17-12-2023,25633
INV00563,C004,"November 24, 2023",16424
INV00702,C009,18-12-2023,33058
INV00703,C009,18-12-2023,4851
INV00704,C013,18-12-2023,8822
INV00705,C013,18-12-2023,8937
INV00706,C017,18-12-2023,36155
INV00707,C022,18-12-2023,46315
INV00708,C020,19-12-2023,4674
INV00709,C029,19-12-2023,8324
INV00710,C048,19-12-2023,33619
INV00711,C051,19-12-2023,26746
INV00712,C053,19-12-2023,21003
INV00713,C056,19-12-2023,31293
INV00714,C020,20-12-2023,41177
INV00715,C022,20-12-2023,56184
INV00716,C023,20-12-2023,34591
INV00717,C024,20-12-2023,40436
INV00718,C028,20-12-2023,13022
INV00719,C038,20-12-2023,22081
INV00720,C049,20-12-2023,30857
INV00721,C049,20-12-2023,32838
INV00722,C051,20-12-2023,12495
INV00723,C056,20-12-2023,22550
INV00724,C056,20-12-2023,8100
INV00725,C002,21-12-2023,29326
INV00726,C008,21-12-2023,24461
INV00727,C016,21-12-2023,15251
INV00728,C004,22-12-2023,36481
INV00729,C022,22-12-2023,58024
INV00730,C024,22-12-2023,36635
INV00731,C025,22-12-2023,17007
INV00732,C026,22-12-2023,34368
INV00733,C054,22-12-2023,53682
INV00734,C002,23-12-2023,42153
INV00735,C007,23-12-2023,23166
INV00736,C019,23-12-2023,27099
INV00737,C024,23-12-2023,11423
INV00738,C024,23-12-2023,20147
INV00739,C029,23-12-2023,4327
INV00740,C038,23-12-2023,18829
INV00741,C045,23-12-2023,54283
INV00742,C048,23-12-2023,13832
INV00743,C049,23-12-2023,25766
INV00744,C054,23-12-2023,13844
INV00745,C036,24-12-2023,53681
INV00746,C045,24-12-2023,42901
INV00747,C050,24-12-2023,15619
INV00748,C051,24-12-2023,23032
INV00749,C009,25-12-2023,53907
INV00750,C014,25-12-2023,56653
INV00751,C024,25-12-2023,19049
INV00752,C042,25-12-2023,4189
INV00753,C006,26-12-2023,44538
INV00754,C014,26-12-2023,22996
INV00755,C025,26-12-2023,51996
INV00756,C026,26-12-2023,51166
INV00757,C031,26-12-2023,53865
INV00758,C049,26-12-2023,53838
INV00759,C056,26-12-2023,40370
INV00760,C002,27-12-2023,52039
INV00761,C025,27-12-2023,7795
INV00762,C038,27-12-2023,9303
INV00763,C039,27-12-2023,44911
INV00764,C048,27-12-2023,47983
INV00765,C049,27-12-2023,47794
INV00766,C008,28-12-2023,23287
INV00767,C026,28-12-2023,11468
INV00768,C027,28-12-2023,20180
INV00769,C030,28-12-2023,58250
 INV01900,C017,05-03-2025,37101
INV00770,C037,28-12-2023,7628
INV00771,C037,28-12-2023,58838
INV00772,C037,28-12-2023,51188
INV00773,C037,28-12-2023,52050
INV00774,C038,28-12-2023,20114
INV00775,C051,28-12-2023,41096
INV00776,C053,28-12-2023,43544
INV00777,C053,28-12-2023,57967
INV00778,C012,29-12-2023,24234
INV01268,  C002,07-07-2024,54691
INV00779,C013,29-12-2023,39581
INV00780,C020,29-12-2023,30343
INV00781,C024,29-12-2023,50748
INV00782,C035,29-12-2023,4292
INV00783,C037,29-12-2023,27115
INV01529,Cust-007,20-10-2024,44208
INV00784,C037,29-12-2023,22776
INV00785,C037,29-12-2023,52979
INV00786,C049,29-12-2023,24920
INV00787,C020,30-12-2023,52978
INV00788,C024,30-12-2023,13455
INV00789,C032,30-12-2023,11001
INV00790,C037,30-12-2023,8290
INV00791,C003,31-12-2023,57006
INV00792,C005,31-12-2023,14677
INV00793,C019,31-12-2023,15382
INV00794,C027,31-12-2023,52052
INV00795,C038,31-12-2023,44877
INV00796,C056,31-12-2023,34962
INV00797,C001,01-01-2024,39102
INV00798,C004,01-01-2024,54292
INV00799,C013,01-01-2024,22253
INV00800,C031,01-01-2024,20717
INV00801,C036,01-01-2024,4260
INV00802,C011,02-01-2024,41732
INV00803,C015,02-01-2024,57806
INV00804,C011,03-01-2024,53958
INV00647,,09-12-2023,33411
INV00805,C019,03-01-2024,53099
INV00806,C025,03-01-2024,5275
INV00807,C002,04-01-2024,45877
INV00808,C004,04-01-2024,58421
INV00809,C009,04-01-2024,10793
INV00810,C011,04-01-2024,35355
INV00811,C011,04-01-2024,13111
INV00812,C024,04-01-2024,25725
INV00813,C032,04-01-2024,27827
INV00814,C033,04-01-2024,40809
INV00815,C007,05-01-2024,45700
INV00816,C007,05-01-2024,37667
INV00817,C002,06-01-2024,38431
INV00818,C006,06-01-2024,31923
INV02069,C002,,7824
INV00819,C008,06-01-2024,11916
INV00820,C013,06-01-2024,54073
INV00821,C015,06-01-2024,27419
INV00822,C009,07-01-2024,46420
INV00823,C009,07-01-2024,50942
INV00824,C020,07-01-2024,11141
INV00825,C022,07-01-2024,16854
INV00826,C025,07-01-2024,38945
INV00827,C031,07-01-2024,20670
INV00828,C053,07-01-2024,53872
INV00829,C058,07-01-2024,30923
INV00830,C018,08-01-2024,19744
INV00831,C008,09-01-2024,36944
INV02215,C006,29-06-2025,
INV00832,C008,09-01-2024,47117
INV00833,C013,09-01-2024,55979
INV00834,C036,09-01-2024,25099
INV00835,C008,10-01-2024,23107
INV00836,C013,10-01-2024,29891
INV00837,C015,10-01-2024,12484
INV00838,C005,12-01-2024,37952
INV01298,C008,18-07-2024,25915
INV00839,C017,12-01-2024,46210
INV00840,C049,12-01-2024,28827
INV00841,C053,12-01-2024,40519
INV00842,C054,12-01-2024,19744
INV00843,C008,14-01-2024,32635
INV00844,C001,15-01-2024,7122
INV00845,C027,15-01-2024,42194
INV00846,C032,15-01-2024,48783
INV00847,C017,16-01-2024,56133
INV00848,C006,17-01-2024,29022
INV00849,C019,17-01-2024,44465
INV00850,C028,17-01-2024,5202
INV00851,C003,18-01-2024,14096
INV00852,C017,18-01-2024,14124
INV00853,C008,19-01-2024,8681
INV00854,C014,19-01-2024,57951
INV00855,C019,19-01-2024,47238
INV00856,C053,19-01-2024,37834
INV00857,C002,21-01-2024,49262
INV00858,C011,21-01-2024,15852
INV00859,C014,21-01-2024,11045
INV00860,C026,21-01-2024,32068
INV00861,C026,22-01-2024,13053
INV00862,C002,23-01-2024,24138
INV00863,C023,23-01-2024,4839
INV00864,C025,24-01-2024,37139
INV00865,C002,25-01-2024,37371
INV00866,C002,25-01-2024,50616
INV00867,C007,25-01-2024,19801
INV00868,C012,25-01-2024,24580
INV00869,C029,25-01-2024,10124
INV00870,C058,25-01-2024,37761
INV00871,C032,26-01-2024,32765
INV00872,C005,27-01-2024,50719
INV00873,C013,27-01-2024,31794
INV00874,C004,28-01-2024,22085
INV00875,C010,28-01-2024,53290
INV00876,C010,28-01-2024,36971
INV00877,C011,28-01-2024,59271
INV02436,C012,01-10-2025,16478
INV00878,C019,29-01-2024,15480
INV00879,C003,30-01-2024,42194
INV00880,C016,30-01-2024,47674
INV00881,C020,30-01-2024,31323
INV00882,C042,30-01-2024,53366
INV00883,C030,31-01-2024,25530
INV00601,C024,"December 01, 2023",53432
INV00884,C003,01-02-2024,49115
INV00885,C040,01-02-2024,40084
INV00886,C006,02-02-2024,16131
INV00887,C010,03-02-2024,38938
INV00888,C022,03-02-2024,30132
INV00889,C004,04-02-2024,56425
INV00890,C032,04-02-2024,4566
INV00891,C019,05-02-2024,40526
INV00892,C027,05-02-2024,52904
INV00893,C025,06-02-2024,30852
INV00894,C029,06-02-2024,35745
INV00895,C034,06-02-2024,52281
INV00896,C060,06-02-2024,48693
INV00897,C001,07-02-2024,11137
INV00898,C006,07-02-2024,32621
INV00899,C012,07-02-2024,18665
INV00900,C015,07-02-2024,20042
INV00901,C013,08-02-2024,42692
INV00902,C031,08-02-2024,3477
INV00903,C012,09-02-2024,34602
INV00904,C017,09-02-2024,46913
INV00905,C033,09-02-2024,51542
INV00906,C018,10-02-2024,3466
INV02062,C0 17,06-05-2025,31711
INV00907,C024,10-02-2024,19156
INV00908,C001,11-02-2024,44506
INV00909,C003,11-02-2024,13832
INV00910,C003,11-02-2024,53338
INV00911,C005,11-02-2024,13984
INV00912,C007,11-02-2024,15461
INV00242,c018,10-08-2023,34061
INV00913,C017,11-02-2024,57029
INV02042,,27-04-2025,26741
INV00914,C011,12-02-2024,25446
INV00915,C012,13-02-2024,22558
INV00916,C021,14-02-2024,42856
INV00917,C003,15-02-2024,55386
INV00918,C038,15-02-2024,44730
INV00919,C054,15-02-2024,50991
INV02613,C031,,58199
INV00920,C001,16-02-2024,55368
INV00921,C007,16-02-2024,16135
INV00922,C012,16-02-2024,56612
INV00923,C013,16-02-2024,34694
INV00924,C015,16-02-2024,49691
INV00925,C010,17-02-2024,26906
INV01364,C017,14-08-2024,
INV00926,C012,17-02-2024,37539
INV00927,C032,17-02-2024,26058
INV00928,C001,18-02-2024,49289
INV00929,C004,18-02-2024,12609
INV00930,C027,19-02-2024,53689
INV00931,C040,19-02-2024,19224
INV00932,C056,19-02-2024,30694
INV00933,C003,20-02-2024,49326
INV00934,C010,20-02-2024,64082
INV00935,C001,21-02-2024,5158
INV00936,C002,24-02-2024,56464
INV00937,C021,24-02-2024,19257
INV02140,C050,30-05-2025,23614
INV00938,C032,24-02-2024,53352
INV00939,C012,25-02-2024,15546
INV00940,C028,25-02-2024,40804
INV00941,C016,26-02-2024,11148
INV00942,C018,26-02-2024,25517
INV00943,C020,26-02-2024,7779
INV00944,C005,27-02-2024,29784
INV00945,C015,27-02-2024,41219
INV01391,C029,24-08-2024,51597
INV00946,C021,27-02-2024,55875
INV00947,C023,27-02-2024,16642
INV00948,C032,27-02-2024,11898
INV00949,C013,28-02-2024,14135
INV00950,C034,28-02-2024,37986
INV00951,C011,01-03-2024,4571
INV00952,C021,01-03-2024,37185
INV00953,C035,01-03-2024,25813
INV00954,C023,02-03-2024,53576
INV00955,C035,02-03-2024,35042
INV00956,C049,03-03-2024,59552
INV00957,C057,03-03-2024,55217
INV00958,C012,04-03-2024,51182
INV00959,C001,05-03-2024,30290
INV00960,C016,05-03-2024,22045
INV00961,C004,06-03-2024,13015
INV00962,C006,06-03-2024,33411
INV00963,C009,06-03-2024,48892
INV00964,C015,07-03-2024,12427
INV00965,C018,07-03-2024,30918
INV00966,C019,07-03-2024,32017
INV00967,C015,08-03-2024,53901
INV00968,C017,08-03-2024,59408
INV00969,C019,08-03-2024,46544
INV00970,C006,09-03-2024,45194
INV00971,C010,10-03-2024,54631
INV00972,C030,10-03-2024,48868
INV00973,C004,11-03-2024,36538
INV00974,C009,11-03-2024,44082
INV00975,C044,11-03-2024,23978
INV00976,C002,12-03-2024,29348
INV00977,C001,13-03-2024,49311
INV00978,C026,13-03-2024,57858
INV00979,C020,14-03-2024,55322
INV00980,C020,14-03-2024,35139
INV00981,C024,14-03-2024,28292
INV00982,C024,14-03-2024,30335
INV00983,C033,14-03-2024,41310
INV00984,C010,15-03-2024,35305
INV00985,C059,15-03-2024,26840
INV00986,C008,16-03-2024,53696
INV00987,C033,16-03-2024,56540
INV00988,C017,17-03-2024,30103
INV00989,C025,17-03-2024,16199
INV01479,C003,05-10-2024,58096
INV00990,C023,18-03-2024,37128
INV00991,C038,18-03-2024,13411
INV00992,C014,19-03-2024,22998
INV00993,C044,19-03-2024,36153
INV00994,C045,19-03-2024,33215
INV00995,C009,21-03-2024,17399
INV00996,C051,21-03-2024,42532
INV00997,C009,22-03-2024,50006
INV00998,C014,23-03-2024,59363
INV00999,C014,23-03-2024,56259
INV01000,C019,23-03-2024,6384
INV01001,C048,23-03-2024,21423
INV01002,C003,24-03-2024,11097
INV01003,C005,24-03-2024,34275
INV01004,C028,24-03-2024,42278
INV01005,C001,25-03-2024,30277
INV01006,C021,25-03-2024,10465
INV01007,C021,25-03-2024,34579
INV01008,C056,25-03-2024,28336
INV01009,C005,26-03-2024,28303
INV01010,C011,26-03-2024,56484
INV01011,C009,27-03-2024,5035
INV01012,C054,27-03-2024,21338
INV01013,C032,28-03-2024,8211
INV01014,C019,29-03-2024,16036
INV01015,C045,29-03-2024,46994
INV01016,C058,29-03-2024,53241
INV01017,C058,29-03-2024,10764
INV01018,C009,30-03-2024,56128
INV01019,C022,30-03-2024,11440
INV01020,C001,31-03-2024,17962
INV01021,C007,31-03-2024,46481
INV01022,C008,01-04-2024,6416
INV01023,C008,01-04-2024,25131
inv02557,C038,17-11-2025,21098
INV01024,C006,02-04-2024,34587
INV01025,C007,02-04-2024,20699
INV01026,C039,02-04-2024,37392
INV01027,C034,03-04-2024,12202
INV01028,C057,03-04-2024,26392
INV01029,C006,04-04-2024,57624
INV01030,C001,05-04-2024,3620
INV01031,C028,05-04-2024,14562
INV01032,C012,07-04-2024,52157
INV01033,C013,07-04-2024,22653
INV00776,C0 53,28-12-2023,11189
INV01034,C024,08-04-2024,21304
INV01035,C060,08-04-2024,5716
INV01036,C038,09-04-2024,26043
INV01037,C032,10-04-2024,28543
INV01038,C035,10-04-2024,7023
INV01039,C013,11-04-2024,42557
INV01040,C024,11-04-2024,34731
INV01041,C027,11-04-2024,22251
INV01042,C054,12-04-2024,30819
INV01043,C056,12-04-2024,35431
INV00035,C002 ,17-04-2023,51132
INV01044,C060,12-04-2024,42989
INV01045,C004,13-04-2024,39665
INV01046,C005,13-04-2024,16118
INV01047,C009,13-04-2024,3993
INV01048,C012,13-04-2024,34610
INV01049,C058,13-04-2024,6340
INV01050,C068,13-04-2024,8111
INV01051,C068,13-04-2024,45151
INV01052,C008,14-04-2024,25776
INV01053,C020,14-04-2024,15506
INV01054,C037,14-04-2024,53309
INV01055,C048,14-04-2024,47358
INV01056,C057,14-04-2024,36845
INV01057,C044,15-04-2024,11323
INV01058,C065,15-04-2024,39404
INV01059,C023,16-04-2024,46635
INV01060,C023,16-04-2024,5521
INV02254,,19-07-2025,8945
INV01061,C027,16-04-2024,44641
INV01062,C039,18-04-2024,11085
INV01063,C009,19-04-2024,49067
INV01064,C013,19-04-2024,7463
INV01065,C020,19-04-2024,37248
INV01956,C023,,56744
INV01066,C068,19-04-2024,32511
INV01067,C007,20-04-2024,20484
INV01068,C010,20-04-2024,77755
INV01069,C050,20-04-2024,23386
INV01070,C054,20-04-2024,37958
INV01071,C068,20-04-2024,50855
INV01072,C001,22-04-2024,51515
INV01073,C007,22-04-2024,26808
INV01074,C030,22-04-2024,26253
INV01075,C042,22-04-2024,38493
INV01076,C010,23-04-2024,7270
INV01586,C034,05-11-2024,
INV01077,C023,23-04-2024,7171
INV01078,C023,23-04-2024,35981
INV01079,C025,23-04-2024,44317
INV01080,C030,23-04-2024,8107
INV01081,C038,23-04-2024,44266
INV01082,C007,24-04-2024,18743
INV01022,C008,01-04-2024,44603
INV01083,C008,24-04-2024,32970
INV01084,C039,24-04-2024,19199
INV01085,C039,24-04-2024,48219
INV01086,C003,25-04-2024,43353
INV01087,C051,25-04-2024,49464
INV01088,C021,26-04-2024,52295
INV01089,C033,26-04-2024,58535
INV01090,C037,26-04-2024,28705
INV01091,C048,26-04-2024,22195
INV02614,C017,11-12-2025,13361
INV01092,C022,27-04-2024,30198
INV01093,C040,27-04-2024,32789
INV01094,C005,28-04-2024,10363
INV01095,C008,28-04-2024,10053
INV01096,C018,28-04-2024,43874
INV01130,C007,11-05-2024,55969
INV01097,C031,28-04-2024,27256
INV01098,C012,29-04-2024,10638
INV01099,C019,29-04-2024,54414
INV01100,C030,29-04-2024,37893
INV01101,C006,30-04-2024,41589
INV01102,C008,30-04-2024,52722
INV01103,C014,30-04-2024,44492
INV01104,C035,30-04-2024,59247
INV01105,C037,30-04-2024,32879
INV01106,C013,01-05-2024,9793
inv01501,C066,11-10-2024,25550
INV01107,C015,01-05-2024,40831
INV01108,C022,01-05-2024,5091
INV01109,C024,01-05-2024,33528
INV01110,C024,02-05-2024,37999
INV01111,C008,03-05-2024,3600
INV01112,C016,03-05-2024,43481
INV01113,C056,03-05-2024,35446
INV01114,C015,04-05-2024,6980
INV01115,C019,04-05-2024,54835
INV01116,C051,04-05-2024,26086
INV01117,C002,05-05-2024,29581
INV01118,C010,06-05-2024,3828
INV01119,C044,06-05-2024,51239
INV01120,C022,07-05-2024,37339
INV01121,C001,08-05-2024,41418
INV01122,C032,08-05-2024,37878
INV01123,C055,08-05-2024,19094
INV01124,C007,09-05-2024,29210
INV01125,C008,09-05-2024,36416
INV01126,C031,09-05-2024,31140
INV01127,C051,09-05-2024,19239
INV01128,C016,10-05-2024,4954
INV01129,C004,11-05-2024,57577
INV01130,C007,11-05-2024,53886
INV01131,C029,11-05-2024,55424
INV01132,C006,12-05-2024,33722
INV01133,C018,12-05-2024,46739
INV01134,C014,13-05-2024,21105
INV01135,C024,13-05-2024,57118
INV01136,C024,13-05-2024,50737
INV01137,C043,14-05-2024,11911
INV01138,C005,15-05-2024,8018
INV01139,C034,15-05-2024,55547
INV01140,C010,16-05-2024,3311
INV01141,C002,17-05-2024,22525
INV01142,C014,17-05-2024,31930
INV01143,C002,18-05-2024,27430
INV00703,C0 09,18-12-2023,35845
INV01144,C043,18-05-2024,13214
INV02450,CU035,05-10-2025,24614
INV01145,C001,19-05-2024,19302
INV01146,C042,19-05-2024,56579
INV01147,C016,20-05-2024,29331
INV01148,C033,20-05-2024,3448
INV01149,C038,20-05-2024,25679
INV01150,C017,21-05-2024,41100
INV01151,C023,21-05-2024,14986
INV01152,C002,22-05-2024,16549
INV01153,C015,22-05-2024,39997
INV01154,C035,22-05-2024,16351
INV01155,C002,23-05-2024,18677
INV01156,C005,23-05-2024,45769
INV01157,C029,23-05-2024,46635
INV01158,C013,27-05-2024,43276
INV01159,C023,27-05-2024,14465
INV01160,C010,28-05-2024,27767
INV01161,C044,28-05-2024,6088
INV01162,C003,29-05-2024,-7247
INV01163,C015,29-05-2024,59783
INV01164,C011,30-05-2024,13182
INV01580,,04-11-2024,12362
INV01165,C022,30-05-2024,10467
INV01166,C027,30-05-2024,34776
INV00162,C003,,48499
INV01167,C053,30-05-2024,21302
INV01168,C005,31-05-2024,31008
INV01169,C030,31-05-2024,16451
INV01170,C003,01-06-2024,25512
INV01171,C005,01-06-2024,12478
INV01172,C014,01-06-2024,39376
INV00202,C034,24-07-2023,
INV01173,C025,01-06-2024,11896
INV01174,C015,02-06-2024,13136
INV01175,C010,03-06-2024,38197
INV01176,C060,03-06-2024,33163
INV01177,C001,04-06-2024,5653
INV01178,C009,04-06-2024,37793
INV01179,C014,04-06-2024,37726
INV01180,C020,04-06-2024,14508
INV01181,C058,05-06-2024,3483
INV01182,C012,06-06-2024,10715
INV01183,C016,06-06-2024,29162
INV01184,C032,06-06-2024,49599
INV01185,C039,06-06-2024,29337
INV01982,C047,01-04-2025,16324
INV01186,C012,08-06-2024,4904
INV01187,C013,08-06-2024,11006
INV01188,C037,08-06-2024,37913
INV01189,C008,09-06-2024,47161
INV01190,C014,09-06-2024,27296
INV01191,C030,10-06-2024,41057
INV01192,C057,10-06-2024,11935
INV01193,C009,11-06-2024,16906
INV01194,C013,11-06-2024,55017
INV01195,C028,11-06-2024,8908
INV01196,C003,12-06-2024,17332
INV01197,C004,12-06-2024,28529
INV01198,C021,12-06-2024,52338
INV01199,C004,13-06-2024,5609
INV01200,C029,13-06-2024,40819
INV01201,C006,14-06-2024,19541
INV00996,C051,21-03-2024,7544
INV01202,C012,15-06-2024,35405
INV01203,C005,16-06-2024,55977
INV01204,C008,16-06-2024,33977
INV01205,C008,16-06-2024,10625
INV01206,C009,16-06-2024,29359
INV01207,C009,16-06-2024,47234
INV02318,C047,12-08-2025,11333
INV01208,C022,16-06-2024,43338
INV01209,C029,17-06-2024,51552
INV01210,C005,18-06-2024,6604
INV01211,C021,18-06-2024,4999
INV01212,C003,19-06-2024,19776
INV01213,C005,19-06-2024,31503
INV01214,C017,19-06-2024,53033
INV01215,C020,19-06-2024,51280
INV01216,C021,19-06-2024,44010
INV01217,C063,19-06-2024,40633
INV01218,C028,20-06-2024,58520
INV01219,C030,20-06-2024,13810
INV01220,C031,20-06-2024,31531
INV01221,C014,21-06-2024,7933
INV00456,C0 04,26-10-2023,10057
INV01222,C047,21-06-2024,7130
INV01223,C015,23-06-2024,46618
INV01224,C018,23-06-2024,22228
INV01225,C026,23-06-2024,12078
INV01226,C001,24-06-2024,56195
INV01276,C002 ,09-07-2024,56031
INV01227,C004,24-06-2024,42557
INV01228,C005,24-06-2024,5521
INV01017,,29-03-2024,42557
INV01229,C009,24-06-2024,25146
INV02344,C001,,39469
INV01230,C069,24-06-2024,49619
INV01231,C012,25-06-2024,8926
INV01232,C033,25-06-2024,14637
INV01233,C012,26-06-2024,27670
INV01234,C013,26-06-2024,28261
INV01235,C042,26-06-2024,51856
INV01236,C004,27-06-2024,48149
INV01237,C007,27-06-2024,38847
INV01238,C012,27-06-2024,3949
INV01239,C022,28-06-2024,25321
INV01240,C039,28-06-2024,38501
INV01241,C050,28-06-2024,21002
INV01242,C004,29-06-2024,28024
INV01243,C008,29-06-2024,12223
INV01244,C023,29-06-2024,17451
INV01245,C014,30-06-2024,45460
INV01246,C028,30-06-2024,9543
INV01247,C067,30-06-2024,44869
INV01248,C003,01-07-2024,27506
INV01249,C023,01-07-2024,59521
INV01250,C035,01-07-2024,19014
INV01251,C019,02-07-2024,17818
INV01252,C028,02-07-2024,33011
INV01253,C031,02-07-2024,46420
INV01254,C026,03-07-2024,3865
INV01255,C003,04-07-2024,7535
INV01256,C005,04-07-2024,19812
INV01257,C009,04-07-2024,45972
INV01258,C007,05-07-2024,54845
INV01259,C010,05-07-2024,5100
INV01260,C013,05-07-2024,37034
INV01261,C051,05-07-2024,17953
INV01262,C070,05-07-2024,35829
INV01263,C002,06-07-2024,32653
INV00338,C020,15-09-2023,
INV01264,C012,06-07-2024,38203
INV01265,C031,06-07-2024,29414
INV00879,C003,30-01-2024,49521
INV01266,C039,06-07-2024,15919
INV01267,C055,06-07-2024,38916
INV01268,C002,07-07-2024,44365
INV01269,C003,07-07-2024,28969
INV01270,C005,07-07-2024,15360
INV01271,C012,07-07-2024,15877
INV01272,C017,07-07-2024,50628
INV01077,C023,23-04-2024,18241
INV01273,C008,08-07-2024,48064
INV01274,C011,08-07-2024,56722
INV01275,C014,08-07-2024,42914
INV01276,C002,09-07-2024,14334
INV01277,C009,09-07-2024,23913
INV01278,C012,09-07-2024,48924
INV01279,C041,09-07-2024,42611
INV01280,C042,09-07-2024,39442
INV01281,C057,09-07-2024,18039
INV01282,C059,09-07-2024,51593
INV00792,C005,31-12-2023,50453
INV01283,C041,10-07-2024,15154
INV01284,C015,11-07-2024,25757
inv02265,C018,23-07-2025,8475
INV01285,C021,11-07-2024,12383
INV00764,C048  ,27-12-2023,6126
INV01286,C010,12-07-2024,29361
INV01287,C006,13-07-2024,46903
INV01288,C003,14-07-2024,47644
INV01289,C019,14-07-2024,58923
INV01290,C007,15-07-2024,47810
INV01291,C024,15-07-2024,18897
INV01292,C015,16-07-2024,56545
INV02236,C012 ,11-07-2025,29180
INV01293,C033,16-07-2024,55619
INV01294,C043,16-07-2024,46254
INV01295,C050,16-07-2024,54269
INV01296,C063,16-07-2024,33697
INV01297,C048,17-07-2024,13931
INV00380,,02-10-2023,41441
INV01298,C008,18-07-2024,26770
INV01299,C017,18-07-2024,37470
INV01300,C046,18-07-2024,31684
INV01301,C003,19-07-2024,49894
INV01302,C009,19-07-2024,59663
INV01303,C022,19-07-2024,18006
INV00493,C058,,20293
INV01304,C006,20-07-2024,22546
INV01305,C046,20-07-2024,42524
INV01306,C067,20-07-2024,5982
INV01307,C005,21-07-2024,51864
INV01308,C037,21-07-2024,17291
INV01309,C023,22-07-2024,59262
INV01310,C052,22-07-2024,53781
INV01311,C007,23-07-2024,16378
INV01312,C021,23-07-2024,46400
INV01313,C027,23-07-2024,18464
INV01314,C045,23-07-2024,31150
INV01315,C005,24-07-2024,43214
INV01316,C008,24-07-2024,9831
INV01317,C011,24-07-2024,49623
INV01318,C019,24-07-2024,57245
INV01319,C039,24-07-2024,40671
INV01320,C014,26-07-2024,43391
INV01321,C020,26-07-2024,52791
INV01322,C026,26-07-2024,53948
INV01323,C005,27-07-2024,11774
INV01181,C058,05-06-2024,
INV01324,C027,27-07-2024,26817
INV01325,C028,27-07-2024,4936
INV01326,C042,27-07-2024,18954
INV02063,C017,06-05-2025,48614
INV01327,C050,28-07-2024,4105
INV01328,C020,29-07-2024,27708
INV01329,C025,29-07-2024,40185
INV01330,C047,29-07-2024,55213
INV01331,C004,30-07-2024,37828
INV01332,C019,30-07-2024,49534
INV01333,C021,30-07-2024,11896
INV01334,C024,30-07-2024,4432
INV01335,C029,30-07-2024,51243
INV01336,C005,31-07-2024,48012
INV01337,C007,01-08-2024,23916
INV01338,C015,01-08-2024,27193
INV01339,C022,01-08-2024,58741
INV01340,C024,01-08-2024,23672
INV01341,C014,02-08-2024,57322
INV00065,C033,09-05-2023,58601
INV01342,C015,02-08-2024,35740
INV01343,C019,02-08-2024,37653
INV01344,C043,02-08-2024,26830
INV01345,C006,03-08-2024,54295
INV01346,C023,03-08-2024,40629
INV02569,C053,11/21/2025,33603
INV01347,C048,04-08-2024,30570
INV01348,C005,05-08-2024,52555
INV01349,C015,05-08-2024,42857
INV01350,C053,05-08-2024,6204
INV01351,C014,06-08-2024,41322
INV01352,C003,07-08-2024,49601
INV01353,C002,08-08-2024,16680
INV01354,C004,08-08-2024,59095
INV01355,C013,09-08-2024,27581
INV01356,C017,09-08-2024,28971
INV01357,C019,09-08-2024,46583
INV01358,C029,09-08-2024,33382
INV01359,C054,09-08-2024,57269
INV01360,C055,10-08-2024,25309
INV01361,C008,11-08-2024,42211
INV01362,C009,12-08-2024,38265
INV01363,C009,12-08-2024,4711
INV01364,C017,14-08-2024,53191
INV01365,C025,14-08-2024,47861
INV01366,C028,14-08-2024,37916
INV01367,C007,15-08-2024,28367
INV01368,C034,15-08-2024,53023
INV01369,C036,15-08-2024,26879
INV01370,C051,15-08-2024,25750
INV01371,C024,16-08-2024,3324
INV01372,C026,16-08-2024,26074
INV01373,C013,17-08-2024,54556
INV01374,C031,17-08-2024,9642
INV01375,C038,17-08-2024,21904
INV01376,C025,18-08-2024,43345
INV01377,C047,18-08-2024,57032
INV01378,C052,18-08-2024,15082
INV01379,C057,18-08-2024,21803
INV01380,C028,19-08-2024,17208
INV01381,C003,20-08-2024,12732
INV01382,C016,20-08-2024,59416
INV01383,C010,21-08-2024,21960
INV01384,C037,21-08-2024,17051
INV01385,C003,22-08-2024,36210
INV01386,C005,22-08-2024,28266
INV01387,C012,22-08-2024,29148
INV01388,C005,23-08-2024,4427
INV01389,C048,23-08-2024,24631
INV01390,C004,24-08-2024,46385
INV01391,C029,24-08-2024,47635
INV01392,C001,25-08-2024,23870
INV01393,C020,25-08-2024,49508
INV01394,C030,25-08-2024,59654
INV01395,C045,25-08-2024,59011
inv01368,C034,15-08-2024,33695
INV01396,C049,25-08-2024,25535
INV01397,C001,26-08-2024,52324
INV01398,C008,26-08-2024,49735
INV01399,C013,26-08-2024,55476
INV01400,C032,26-08-2024,44716
INV01401,C004,27-08-2024,21158
INV01402,C015,27-08-2024,31564
INV01403,C011,28-08-2024,26921
INV01404,C057,28-08-2024,46457
INV01405,C003,29-08-2024,9984
INV01406,C027,29-08-2024,12364
INV01407,C047,29-08-2024,26494
INV01408,C001,30-08-2024,8429
INV01409,C004,30-08-2024,16383
INV01410,C015,30-08-2024,40476
INV01411,C022,30-08-2024,54449
INV01412,C031,30-08-2024,15248
INV01413,C033,30-08-2024,57843
INV01414,C006,31-08-2024,56445
INV01415,C014,31-08-2024,8819
INV01416,C011,02-09-2024,40728
INV01417,C031,02-09-2024,14177
INV01418,C027,03-09-2024,49719
INV01419,C028,03-09-2024,5009
INV01420,C065,03-09-2024,21773
INV01421,C035,04-09-2024,40853
INV01422,C035,04-09-2024,25009
INV01423,C035,04-09-2024,57926
INV01424,C034,05-09-2024,52676
INV01425,C034,05-09-2024,28312
INV01426,C065,05-09-2024,34199
INV01153,C015  ,22-05-2024,21165
INV01427,C001,06-09-2024,16831
INV01428,C004,06-09-2024,23299
INV01429,C005,06-09-2024,50220
INV01430,C029,07-09-2024,14176
INV01431,C017,09-09-2024,15724
INV01432,C005,10-09-2024,42107
INV01433,C022,10-09-2024,59753
INV01434,C022,10-09-2024,27782
INV02028,C034 ,23-04-2025,25281
INV01435,C014,11-09-2024,23762
INV01436,C038,11-09-2024,56020
INV01437,C039,11-09-2024,40705
INV01438,C011,13-09-2024,55781
INV01439,C040,13-09-2024,5443
INV01440,C001,14-09-2024,49942
INV01441,C002,14-09-2024,20880
INV01442,C011,15-09-2024,24594
INV01443,C041,15-09-2024,9203
INV01444,C010,16-09-2024,33955
INV01445,C011,16-09-2024,39955
INV01446,C026,16-09-2024,56350
INV01447,C034,17-09-2024,49979
INV01448,C066,17-09-2024,12692
INV01449,C004,18-09-2024,38140
INV01450,C007,18-09-2024,19880
INV01451,C009,18-09-2024,8102
INV01452,C009,18-09-2024,29497
INV01453,C012,18-09-2024,36127
INV01454,C014,18-09-2024,39737
INV01455,C001,19-09-2024,58140
INV01456,C002,20-09-2024,11709
INV01457,C050,20-09-2024,32572
INV01496,,09-10-2024,42348
INV01458,C067,22-09-2024,33259
INV01459,C002,24-09-2024,33189
INV01460,C007,24-09-2024,30672
INV01461,C011,24-09-2024,18999
INV01462,C022,25-09-2024,56043
INV01463,C015,26-09-2024,57328
INV01464,C020,26-09-2024,23317
INV01465,C038,26-09-2024,34206
INV01466,C013,27-09-2024,56474
INV01467,C021,28-09-2024,22570
INV01468,C055,28-09-2024,15388
INV01469,C034,29-09-2024,9223
INV01470,C058,29-09-2024,6344
INV01471,C037,01-10-2024,53924
INV01472,C046,01-10-2024,51968
INV01473,C010,02-10-2024,-3305
INV01474,C023,02-10-2024,15060
INV01475,C047,02-10-2024,8631
INV01476,C051,02-10-2024,20481
INV01163,C015,,49633
INV01477,C025,03-10-2024,19749
INV01478,C031,03-10-2024,46094
INV01479,C003,05-10-2024,49915
INV01480,C016,05-10-2024,24311
INV01481,C034,05-10-2024,50763
INV01482,C008,06-10-2024,51993
INV01483,C010,07-10-2024,-1955
INV01484,C035,07-10-2024,11607
INV01485,C052,07-10-2024,17639
INV01486,C071,07-10-2024,3521
INV01487,C003,08-10-2024,42764
INV01488,C004,08-10-2024,58337
INV01489,C011,08-10-2024,44293
INV01490,C015,08-10-2024,22341
INV01491,C022,08-10-2024,39601
INV01492,C026,08-10-2024,13125
INV01493,C029,09-10-2024,10738
INV01494,C037,09-10-2024,59694
INV01495,C056,09-10-2024,45081
INV01496,C070,09-10-2024,10438
INV01497,C034,10-10-2024,6312
INV01523,C045,16-10-2024,
INV01498,C056,10-10-2024,14178
INV01499,C006,11-10-2024,9308
INV01500,C041,11-10-2024,48630
INV01501,C066,11-10-2024,46007
INV01502,C001,12-10-2024,33220
INV01503,C020,12-10-2024,44510
INV01504,C032,12-10-2024,19682
INV01505,C034,12-10-2024,11524
INV01506,C052,12-10-2024,23347
INV01507,C052,12-10-2024,5942
INV01508,C001,13-10-2024,28070
INV01509,C035,13-10-2024,9452
INV01510,C044,13-10-2024,-1167
INV01511,C006,14-10-2024,41445
INV01512,C007,14-10-2024,13912
INV01513,C014,14-10-2024,49392
INV01514,C029,14-10-2024,12205
INV01515,C007,15-10-2024,52131
INV01516,C009,15-10-2024,5856
INV01517,C016,15-10-2024,33829
INV00392,C021,06-10-2023,5977
INV01518,C029,15-10-2024,46026
INV01519,C042,15-10-2024,20159
INV01520,C002,16-10-2024,22176
INV01521,C014,16-10-2024,41949
INV01522,C018,16-10-2024,18047
INV01523,C045,16-10-2024,28379
INV01524,C046,16-10-2024,54236
INV01525,C020,17-10-2024,34499
INV01526,C009,18-10-2024,37758
INV01527,C016,19-10-2024,51493
INV01528,C005,20-10-2024,34494
INV01529,C007,20-10-2024,43169
INV01530,C014,20-10-2024,24779
INV01531,C018,20-10-2024,40782
INV01532,C031,20-10-2024,28965
INV01533,C047,20-10-2024,49042
INV01534,C030,21-10-2024,50091
INV01535,C033,21-10-2024,55383
INV01536,C049,21-10-2024,43856
INV01537,C011,22-10-2024,56817
INV01538,C030,22-10-2024,51335
INV01539,C045,22-10-2024,54920
INV01540,C028,23-10-2024,39299
INV01541,C001,24-10-2024,11525
INV01542,C002,24-10-2024,29528
INV01543,C005,24-10-2024,40719
INV01544,C006,24-10-2024,20610
INV01545,C003,25-10-2024,17483
INV01546,C011,25-10-2024,14965
INV01547,C007,26-10-2024,46069
INV01548,C013,26-10-2024,22876
INV01549,C015,26-10-2024,58010
INV01550,C023,26-10-2024,24193
INV01551,C024,26-10-2024,19941
INV01552,C027,26-10-2024,45294
INV01553,C029,26-10-2024,40233
INV01554,C012,27-10-2024,25820
INV01699,C018,16-12-2024,24827
INV01555,C032,27-10-2024,42288
INV01556,C013,28-10-2024,35372
INV01557,C034,28-10-2024,38846
INV01558,C030,29-10-2024,58382
INV01559,C059,29-10-2024,57577
INV01560,C006,30-10-2024,34208
INV01561,C013,30-10-2024,24907
INV01562,C038,31-10-2024,57331
INV01563,C017,01-11-2024,51644
INV01564,C025,01-11-2024,54399
INV01565,C032,01-11-2024,59970
INV01566,C033,01-11-2024,30592
INV01567,C053,01-11-2024,58091
INV01568,C011,02-11-2024,6221
INV01569,C026,02-11-2024,24785
INV01570,C046,02-11-2024,22159
INV01571,C001,03-11-2024,31288
INV01572,C016,03-11-2024,44344
INV01573,C028,03-11-2024,48576
INV01574,C033,03-11-2024,53619
INV01575,C054,03-11-2024,27861
INV01576,C001,04-11-2024,3689
INV01577,C008,04-11-2024,29174
INV01578,C008,04-11-2024,21739
INV01579,C009,04-11-2024,21987
INV01580,C014,04-11-2024,44508
INV01581,C034,04-11-2024,45525
INV01582,C056,04-11-2024,19156
INV01583,C002,05-11-2024,5000
INV01584,C018,05-11-2024,16287
INV01585,C030,05-11-2024,6420
INV01586,C034,05-11-2024,16786
INV01587,C044,05-11-2024,37421
INV01588,C030,06-11-2024,49097
INV01589,C009,07-11-2024,24643
INV01590,C028,08-11-2024,30889
INV01591,C029,08-11-2024,45639
INV01592,C049,08-11-2024,24472
INV00419,C034,10/15/2023,57620
INV01593,C026,09-11-2024,36922
INV01594,C030,09-11-2024,46221
INV01595,C007,10-11-2024,52335
INV01596,C011,11-11-2024,40856
INV01597,C019,11-11-2024,28141
 INV02337,C030,19-08-2025,-4044
INV01598,C024,11-11-2024,28928
INV01599,C050,11-11-2024,52786
INV01600,C021,12-11-2024,59008
INV01601,C003,13-11-2024,50813
INV01602,C006,13-11-2024,10809
INV01603,C059,13-11-2024,45441
INV00379,  C015,02-10-2023,23150
INV01604,C003,14-11-2024,28976
INV01605,C003,14-11-2024,35789
INV01606,C007,14-11-2024,30646
INV01607,C010,14-11-2024,38340
INV01608,C031,14-11-2024,20692
INV01609,C050,14-11-2024,19430
INV01610,C057,15-11-2024,26057
INV01797,C005 ,20-01-2025,17558
INV01611,C011,16-11-2024,55065
INV01612,C031,16-11-2024,25571
INV01613,C012,17-11-2024,11979
INV01614,C031,17-11-2024,3765
INV01615,C004,18-11-2024,24984
INV01616,C009,18-11-2024,56179
INV01617,C012,18-11-2024,76692
INV01618,C013,18-11-2024,14574
INV01619,C015,18-11-2024,16543
INV01620,C048,18-11-2024,39816
INV02279,,29-07-2025,22170
INV01621,C049,18-11-2024,14034
INV01622,C055,18-11-2024,6759
INV01623,C008,19-11-2024,-4915
INV01624,C011,19-11-2024,13792
INV01625,C013,19-11-2024,54804
INV02089,C043,,59764
INV01626,C015,19-11-2024,53900
INV01627,C011,20-11-2024,46567
INV01628,C012,20-11-2024,8159
INV01629,C014,20-11-2024,4645
INV01630,C023,20-11-2024,30144
INV01631,C018,21-11-2024,21807
INV01632,C018,21-11-2024,47952
INV01633,C047,22-11-2024,43855
INV01634,C059,22-11-2024,59878
INV01635,C004,23-11-2024,58285
INV01636,C004,23-11-2024,49268
INV01637,C041,23-11-2024,59646
INV01638,C006,24-11-2024,39048
INV01639,C011,24-11-2024,22769
INV01640,C012,25-11-2024,34597
INV01641,C014,25-11-2024,40589
INV01642,C032,25-11-2024,55769
INV01643,C002,26-11-2024,11270
INV01644,C031,26-11-2024,25945
INV01645,C035,26-11-2024,40211
INV01646,C026,27-11-2024,5798
INV01647,C043,27-11-2024,36794
INV01648,C012,28-11-2024,36297
INV01649,C071,28-11-2024,48733
INV01650,C005,29-11-2024,59062
INV01651,C018,29-11-2024,24345
INV01652,C007,30-11-2024,57836
INV01653,C011,30-11-2024,21599
INV01654,C018,30-11-2024,46379
INV01655,C005,01-12-2024,36956
INV01656,C013,01-12-2024,59767
INV01657,C015,01-12-2024,34679
INV01658,C009,03-12-2024,52884
INV01659,C046,03-12-2024,25016
INV01660,C048,03-12-2024,32063
INV01661,C049,03-12-2024,34406
INV01662,C002,04-12-2024,48946
INV01663,C010,04-12-2024,9932
INV01664,C054,04-12-2024,51530
INV01665,C001,05-12-2024,49175
INV01666,C017,05-12-2024,55896
INV01667,C025,05-12-2024,31760
INV02183,C012,16-06-2025,
INV01668,C028,05-12-2024,6287
INV01669,C007,06-12-2024,53389
INV01670,C012,06-12-2024,32336
INV01671,C044,06-12-2024,44569
INV01672,C036,07-12-2024,9004
INV01673,C004,08-12-2024,44358
INV01674,C013,08-12-2024,29582
INV01675,C017,08-12-2024,12172
INV01676,C041,08-12-2024,8333
INV01677,C006,10-12-2024,57128
INV01678,C029,10-12-2024,8851
INV00201,C029,24-07-2023,52382
INV01679,C042,10-12-2024,40886
INV01680,C049,10-12-2024,47190
INV01681,C005,11-12-2024,53129
INV01682,C007,11-12-2024,16661
INV01683,C013,11-12-2024,39462
INV01684,C018,11-12-2024,39795
INV01685,C041,11-12-2024,3469
INV01686,C020,12-12-2024,40891
INV01687,C046,12-12-2024,23999
INV01688,C048,12-12-2024,46424
INV01689,C052,12-12-2024,15778
INV01864,C003,18-02-2025,40342
INV01690,C063,12-12-2024,35191
INV01691,C070,12-12-2024,8365
INV01692,C024,13-12-2024,56818
INV01693,C041,13-12-2024,22928
INV01694,C023,14-12-2024,21024
INV01695,C024,14-12-2024,9056
INV00780,C020,29-12-2023,45814
INV01696,C007,15-12-2024,48196
INV01697,C063,15-12-2024,10266
INV01698,C004,16-12-2024,34307
INV01699,C018,16-12-2024,19216
Inv00503,C054,09-11-2023,31400
INV01700,C004,17-12-2024,48272
INV01701,C034,17-12-2024,37814
INV01702,C040,17-12-2024,34902
INV01703,C047,17-12-2024,22009
INV01704,C004,18-12-2024,5769
INV01705,C025,18-12-2024,45747
INV01706,C036,18-12-2024,29773
INV01707,C069,18-12-2024,25519
INV01708,C056,19-12-2024,37271
INV01709,C029,21-12-2024,31484
INV02455,C0 09,09-10-2025,41044
INV01710,C033,21-12-2024,16216
INV01711,C058,21-12-2024,27992
INV01712,C064,22-12-2024,12257
INV01713,C014,23-12-2024,34268
INV01714,C020,23-12-2024,29004
INV01715,C011,25-12-2024,4329
INV01716,C016,25-12-2024,34297
INV01717,C021,25-12-2024,13334
INV01718,C022,25-12-2024,35234
INV01719,C007,26-12-2024,23177
INV01720,C027,26-12-2024,27653
INV01721,C032,26-12-2024,10221
INV01722,C001,27-12-2024,30924
INV01723,C011,27-12-2024,46754
INV01724,C049,27-12-2024,19116
INV01725,C064,27-12-2024,47536
INV01726,C069,27-12-2024,48588
INV01752,CU069,04-01-2025,48077
INV01727,C003,28-12-2024,53657
INV01728,C006,28-12-2024,51447
INV01729,C012,28-12-2024,49281
INV01730,C060,28-12-2024,41751
INV01731,C060,28-12-2024,20464
INV01732,C064,28-12-2024,30795
INV01733,C009,29-12-2024,6341
INV01734,C047,29-12-2024,19077
INV01735,C012,30-12-2024,43132
INV01736,C059,30-12-2024,30234
INV01737,C015,31-12-2024,51670
INV01738,C064,31-12-2024,28861
INV01739,C003,01-01-2025,43739
INV01740,C007,01-01-2025,8080
INV01741,C027,01-01-2025,40528
INV01742,C034,01-01-2025,19800
INV01743,C017,02-01-2025,48465
INV01744,C021,02-01-2025,28441
INV01745,C044,02-01-2025,41244
INV01746,C049,02-01-2025,32452
INV01747,C011,03-01-2025,22759
INV01748,C013,03-01-2025,41846
INV01749,C017,03-01-2025,35791
INV01750,C006,04-01-2025,11729
INV01751,C019,04-01-2025,14171
INV01752,C069,04-01-2025,57716
INV01753,C003,05-01-2025,56125
INV01754,C017,05-01-2025,5123
INV01755,C030,05-01-2025,39129
INV01756,C071,05-01-2025,53470
INV01757,C071,05-01-2025,58380
INV01758,C007,06-01-2025,41429
INV01759,C011,06-01-2025,38063
INV01760,C015,06-01-2025,21651
INV01761,C023,06-01-2025,27094
INV00805,,03-01-2024,40287
INV01762,C039,06-01-2025,46948
INV01763,C059,06-01-2025,54415
INV01764,C071,06-01-2025,20479
INV01765,C071,06-01-2025,41769
INV01766,C006,07-01-2025,25103
INV01767,C006,07-01-2025,30592
INV01768,C019,07-01-2025,4436
INV01769,C025,07-01-2025,15182
INV01770,C029,07-01-2025,44311
INV01771,C029,07-01-2025,12218
INV01772,C070,07-01-2025,40966
INV01773,C011,08-01-2025,37866
INV01774,C014,08-01-2025,6140
INV01775,C058,08-01-2025,53695
INV01776,C071,08-01-2025,21701
INV01777,C010,10-01-2025,32806
INV01778,C011,10-01-2025,12093
INV01779,C009,11-01-2025,20449
INV01780,C013,11-01-2025,53608
INV01781,C069,11-01-2025,52317
INV01782,C024,12-01-2025,30410
INV01783,C027,12-01-2025,7683
INV01784,C030,12-01-2025,40881
INV01785,C055,12-01-2025,25899
INV01786,C009,13-01-2025,10091
INV01787,C027,13-01-2025,25264
INV02147,C026,,32272
INV01788,C025,14-01-2025,18324
INV01789,C028,14-01-2025,51142
INV01790,C010,15-01-2025,3534
INV01791,C024,15-01-2025,7662
INV01792,C070,15-01-2025,32053
INV01793,C022,16-01-2025,6808
INV01794,C048,17-01-2025,28199
INV01795,C039,18-01-2025,22837
INV01796,C022,19-01-2025,41390
INV01797,C005,20-01-2025,10249
INV01896,C052,03-03-2025,
INV01798,C004,21-01-2025,15762
INV01799,C012,21-01-2025,31885
INV01800,C012,21-01-2025,14923
INV01801,C069,21-01-2025,20720
INV01802,C033,22-01-2025,22068
INV01803,C056,22-01-2025,49758
INV01804,C001,23-01-2025,48353
INV01805,C023,23-01-2025,31481
INV01806,C044,23-01-2025,25699
INV01807,C057,23-01-2025,50516
INV01808,C012,24-01-2025,13958
INV01809,C015,24-01-2025,27633
INV01810,C006,26-01-2025,21422
INV01811,C029,26-01-2025,14833
INV01812,C003,27-01-2025,23080
INV01813,C005,27-01-2025,17952
INV01814,C024,27-01-2025,8863
INV01815,C034,27-01-2025,20347
INV01816,C004,28-01-2025,13881
INV01817,C038,28-01-2025,16572
INV01818,C022,29-01-2025,11964
INV01819,C031,29-01-2025,41619
INV01820,C057,29-01-2025,39278
INV01571,C001,03-11-2024,4753
INV01821,C047,30-01-2025,56126
INV01822,C013,31-01-2025,28896
INV01823,C044,31-01-2025,42512
INV01824,C071,31-01-2025,18958
INV00961,C004,06-03-2024,-3400
INV01825,C002,01-02-2025,11869
INV01826,C002,02-02-2025,30285
INV01827,C014,02-02-2025,28854
INV01828,C015,02-02-2025,41760
INV01829,C058,02-02-2025,29054
INV01830,C010,03-02-2025,30715
INV01831,C014,03-02-2025,37889
INV01832,C014,03-02-2025,46948
INV01833,C021,03-02-2025,56297
INV01834,C001,04-02-2025,23133
INV01835,C022,04-02-2025,5552
INV01836,C014,05-02-2025,14977
INV01837,C023,05-02-2025,18148
INV01838,C036,05-02-2025,28827
INV01839,C042,06-02-2025,20566
INV01840,C061,06-02-2025,14388
INV01841,C033,07-02-2025,56811
INV01842,C052,07-02-2025,57938
INV01843,C054,07-02-2025,49211
INV01844,C056,07-02-2025,39744
INV01845,C022,08-02-2025,34450
INV01846,C059,08-02-2025,42244
INV01847,C004,09-02-2025,45032
INV01848,C032,09-02-2025,38294
INV01849,C054,09-02-2025,16929
INV01850,C025,10-02-2025,16239
INV01851,C026,10-02-2025,35789
INV01852,C006,11-02-2025,59327
INV01486,C071,07-10-2024,18892
INV01853,C014,11-02-2025,36958
INV01854,C063,12-02-2025,59705
INV01855,C019,13-02-2025,20803
INV01856,C060,13-02-2025,20184
INV01857,C020,14-02-2025,11323
INV01858,C069,14-02-2025,30839
INV01859,C030,16-02-2025,12247
INV01860,C045,16-02-2025,17295
INV01861,C053,16-02-2025,56618
INV01862,C004,17-02-2025,48001
INV01863,C035,17-02-2025,22708
INV01864,C003,18-02-2025,6804
INV01865,C003,19-02-2025,20225
INV00503,C0 54,09-11-2023,16662
INV01866,C009,19-02-2025,51886
INV00398,Cust-010,09-10-2023,11006
INV01867,C022,19-02-2025,45562
INV01868,C001,20-02-2025,26683
INV01869,C063,20-02-2025,16877
INV01870,C003,22-02-2025,38653
INV01871,C003,23-02-2025,16906
INV01872,C004,23-02-2025,36081
INV01873,C010,23-02-2025,31378
INV01874,C014,23-02-2025,42596
INV01875,C017,23-02-2025,13585
INV01876,C029,23-02-2025,50644
INV01877,C022,24-02-2025,53215
INV01878,C032,24-02-2025,3951
INV01879,C061,25-02-2025,46281
INV01880,C001,26-02-2025,52547
INV01881,C005,26-02-2025,25077
INV01882,C015,26-02-2025,3384
INV01883,C057,26-02-2025,57484
INV01884,C002,27-02-2025,3858
INV01885,C015,27-02-2025,49684
INV01886,C030,27-02-2025,26757
INV00871,,26-01-2024,52503
INV01887,C047,27-02-2025,52776
INV01888,C054,27-02-2025,52773
INV01889,C001,28-02-2025,38361
INV01890,C011,28-02-2025,22366
INV01891,C023,28-02-2025,42196
INV01892,C027,28-02-2025,24732
INV01893,C031,01-03-2025,56777
INV01894,C034,01-03-2025,27916
INV01895,C011,03-03-2025,28436
INV01896,C052,03-03-2025,10661
INV01897,C035,04-03-2025,28774
INV00393,C060,,56398
INV01898,C040,04-03-2025,14653
INV01899,C004,05-03-2025,35812
INV01900,C017,05-03-2025,51679
INV01901,C022,05-03-2025,24163
INV01902,C051,05-03-2025,17626
INV01903,C012,06-03-2025,34829
INV01904,C015,06-03-2025,53652
INV01905,C032,06-03-2025,27863
INV01906,C016,07-03-2025,44677
INV01907,C001,08-03-2025,6943
INV01908,C005,08-03-2025,56961
INV00207,C035,27-07-2023,
INV01909,C021,08-03-2025,47578
INV01039,C013,11-04-2024,13017
INV01910,C031,08-03-2025,41186
INV01911,C034,08-03-2025,42639
INV01912,C039,08-03-2025,26102
INV01913,C041,08-03-2025,56740
INV01914,C013,09-03-2025,56610
INV01915,C028,09-03-2025,23800
INV01916,C049,09-03-2025,43436
INV01917,C022,10-03-2025,25424
INV01918,C061,10-03-2025,42544
INV01919,C002,11-03-2025,7277
INV01920,C030,11-03-2025,18326
INV01921,C004,12-03-2025,27590
INV01922,C015,12-03-2025,52546
INV01923,C063,12-03-2025,22660
INV01924,C065,12-03-2025,24937
INV01925,C026,13-03-2025,17983
INV01926,C043,14-03-2025,24041
INV01927,C070,14-03-2025,48381
INV01928,C011,15-03-2025,49310
INV01929,C015,15-03-2025,41004
INV01930,C015,15-03-2025,43295
INV01931,C022,15-03-2025,30486
INV01882,C015,26-02-2025,22732
INV01932,C023,15-03-2025,33005
INV01933,C047,15-03-2025,9067
INV01934,C027,16-03-2025,25792
INV01935,C036,16-03-2025,20647
INV01936,C048,16-03-2025,24201
INV01937,C008,17-03-2025,54088
INV01938,C001,18-03-2025,48002
INV01939,C019,18-03-2025,21939
INV01940,C002,20-03-2025,47968
INV01941,C021,20-03-2025,5580
INV01942,C024,20-03-2025,30690
INV01943,C048,21-03-2025,38317
INV01944,C016,22-03-2025,57956
INV01945,C019,22-03-2025,36517
INV01946,C022,22-03-2025,52984
INV01947,C050,22-03-2025,29577
INV01948,C045,23-03-2025,26635
INV01949,C053,23-03-2025,50008
INV01950,C010,24-03-2025,55245
INV01951,C020,24-03-2025,34704
INV01952,C040,25-03-2025,46623
INV01953,C042,25-03-2025,38034
INV01954,C048,25-03-2025,44114
INV01955,C055,25-03-2025,18320
INV01956,C023,26-03-2025,12727
INV01485,C052,07-10-2024,43592
INV01957,C024,26-03-2025,43749
INV01958,C043,26-03-2025,38557
INV01959,C061,26-03-2025,31968
INV01960,C009,27-03-2025,35709
INV01961,C004,28-03-2025,27505
INV01962,C023,28-03-2025,53369
INV01963,C031,28-03-2025,19515
INV01964,C043,28-03-2025,45402
INV01965,C046,28-03-2025,33230
INV00864 ,C025,24-01-2024,48789
INV01966,C003,29-03-2025,19301
INV01967,C005,29-03-2025,10147
INV01968,C007,29-03-2025,15484
INV01969,C011,29-03-2025,52773
INV01970,C013,29-03-2025,56137
INV01971,C027,29-03-2025,46588
INV01972,C039,29-03-2025,12350
INV01973,C006,30-03-2025,33288
INV00564,C0 10,24-11-2023,55185
INV01974,C009,30-03-2025,32934
INV01975,C013,30-03-2025,38119
INV01976,C023,30-03-2025,26027
INV01977,C024,30-03-2025,46795
INV01978,C035,30-03-2025,32518
INV01979,C056,30-03-2025,55277
INV01980,C057,30-03-2025,26071
INV01981,C026,01-04-2025,31293
INV01982,C047,01-04-2025,31106
INV01983,C010,02-04-2025,13922
INV01984,C014,02-04-2025,17806
INV01985,C025,02-04-2025,5693
INV01986,C012,04-04-2025,15995
INV01987,C025,04-04-2025,16873
INV01988,C026,04-04-2025,58470
INV01989,C042,04-04-2025,30405
INV01990,C013,05-04-2025,55931
INV01991,C046,05-04-2025,23780
INV01992,C008,06-04-2025,49577
INV01993,C051,07-04-2025,24920
INV01994,C004,08-04-2025,39855
INV01995,C002,09-04-2025,22587
INV01996,C003,09-04-2025,10934
INV01997,C001,10-04-2025,13938
INV01998,C054,10-04-2025,34518
INV01999,C059,10-04-2025,18122
INV02000,C004,12-04-2025,34634
INV02001,C007,12-04-2025,11700
INV02002,C034,12-04-2025,45537
INV02003,C043,12-04-2025,43056
INV02004,C039,13-04-2025,19447
INV02005,C012,14-04-2025,27780
INV02006,C008,15-04-2025,44415
INV02007,C010,15-04-2025,36329
INV02008,C010,17-04-2025,34046
INV02009,C015,17-04-2025,7219
INV02010,C020,17-04-2025,42503
INV02011,C048,17-04-2025,19657
INV02012,C039,18-04-2025,43925
INV02013,C044,18-04-2025,18667
INV02014,C010,19-04-2025,48712
INV02015,C027,19-04-2025,37913
INV02016,C023,20-04-2025,27829
INV02017,C003,21-04-2025,38800
INV02018,C008,21-04-2025,53979
INV02019,C010,21-04-2025,23703
INV01021,c007,31-03-2024,40507
INV02020,C056,21-04-2025,52016
INV02021,C070,21-04-2025,7544
INV02022,C070,21-04-2025,47836
INV02023,C005,22-04-2025,22297
INV00096,,02-06-2023,56774
INV02024,C046,22-04-2025,20649
INV02025,C010,23-04-2025,16065
INV02026,C012,23-04-2025,18506
INV02027,C021,23-04-2025,23189
INV02028,C034,23-04-2025,42500
INV02029,C037,23-04-2025,56268
INV01924,C065,,29696
INV02030,C046,23-04-2025,32599
INV02031,C055,23-04-2025,10432
INV02032,C057,23-04-2025,17904
INV02033,C070,23-04-2025,34849
INV02034,C011,24-04-2025,42824
INV02035,C023,24-04-2025,33947
INV02036,C004,25-04-2025,13915
INV02037,C001,26-04-2025,42416
INV02038,C050,26-04-2025,20188
INV02039,C059,26-04-2025,5790
INV02040,C008,27-04-2025,34616
INV02041,C015,27-04-2025,6443
INV02042,C016,27-04-2025,4596
INV02043,C064,27-04-2025,33795
INV02044,C004,28-04-2025,45256
INV02045,C009,28-04-2025,50489
INV01758,C007,06-01-2025,
INV02046,C010,28-04-2025,51543
INV02047,C035,28-04-2025,30513
INV02048,C018,30-04-2025,20582
INV02049,C002,01-05-2025,43899
INV02533,C011,10-11-2025,22618
INV02050,C022,01-05-2025,4880
INV02051,C059,01-05-2025,54494
INV02052,C062,01-05-2025,19495
INV02053,C004,02-05-2025,8739
INV02054,C024,02-05-2025,40196
INV02055,C042,02-05-2025,40542
INV02056,C058,02-05-2025,25149
INV02057,C002,03-05-2025,16646
INV02058,C053,03-05-2025,45873
INV02059,C010,04-05-2025,35613
INV02060,C053,04-05-2025,35819
INV02061,C050,05-05-2025,56714
INV02062,C017,06-05-2025,30510
INV02063,C017,06-05-2025,36348
INV02064,C030,06-05-2025,26621
INV02065,C015,07-05-2025,10788
INV02279,C014,29-07-2025,9369
INV02066,C033,07-05-2025,7512
INV02067,C035,07-05-2025,54734
INV02068,C002,08-05-2025,53959
INV02069,C002,08-05-2025,56252
INV02070,C006,08-05-2025,22025
INV02071,C014,08-05-2025,5965
INV02072,C042,08-05-2025,13063
INV02073,C045,08-05-2025,19670
INV02074,C012,09-05-2025,23153
INV02075,C053,09-05-2025,4593
INV02076,C002,10-05-2025,54767
INV02077,C019,10-05-2025,39598
INV01679,C042,10-12-2024,4547
INV02078,C033,10-05-2025,5604
INV02079,C005,11-05-2025,50222
INV02080,C007,11-05-2025,57490
INV02081,C063,11-05-2025,44489
INV02082,C005,12-05-2025,44512
INV02083,C020,12-05-2025,11906
INV02084,C028,12-05-2025,23811
INV02085,C063,12-05-2025,8038
INV02086,C007,13-05-2025,59281
INV02087,C034,13-05-2025,41079
INV02088,C018,14-05-2025,37607
INV02089,C043,14-05-2025,55647
INV02090,C059,14-05-2025,59487
INV02091,C005,15-05-2025,3988
INV02092,C020,15-05-2025,16172
INV02093,C026,15-05-2025,29630
INV02094,C041,15-05-2025,56839
INV02095,C059,15-05-2025,26595
INV02096,C005,16-05-2025,18751
 INV00541,C007,17-11-2023,50111
INV02097,C006,17-05-2025,6324
INV02098,C021,17-05-2025,24673
INV02099,C026,17-05-2025,18218
INV02100,C055,17-05-2025,10850
INV02101,C012,18-05-2025,42352
INV02102,C017,18-05-2025,29141
INV02103,C033,18-05-2025,33931
INV02104,C037,18-05-2025,34528
INV02105,C060,18-05-2025,41427
INV02106,C005,19-05-2025,44053
INV01060,  C023,16-04-2024,10811
INV02107,C012,19-05-2025,14378
INV02108,C025,19-05-2025,23793
INV02109,C030,19-05-2025,28205
INV02110,C038,19-05-2025,29026
INV02111,C034,20-05-2025,33989
INV02112,C054,20-05-2025,23104
INV02113,C005,21-05-2025,12992
INV02114,C011,21-05-2025,29743
INV02115,C025,21-05-2025,5608
INV02116,C032,21-05-2025,18429
INV02117,C034,21-05-2025,36000
INV02118,C004,22-05-2025,51750
INV02119,C007,22-05-2025,45697
INV02120,C042,22-05-2025,59053
INV02121,C060,22-05-2025,17446
INV02122,C021,23-05-2025,25449
INV02573,CU035,22-11-2025,36120
INV02123,C001,25-05-2025,22509
INV02124,C002,25-05-2025,5425
INV02125,C010,25-05-2025,18799
INV02126,C010,25-05-2025,46860
INV02127,C014,25-05-2025,11602
INV02128,C021,25-05-2025,33962
INV02129,C004,26-05-2025,46665
INV02130,C005,26-05-2025,23986
INV02131,C008,26-05-2025,33365
INV02132,C062,26-05-2025,28361
INV02133,C065,27-05-2025,20419
INV02134,C020,28-05-2025,10066
INV02135,C028,29-05-2025,37940
INV02136,C046,29-05-2025,23277
INV02137,C019,30-05-2025,23903
INV02138,C031,30-05-2025,42657
INV02139,C035,30-05-2025,10774
INV02140,C050,30-05-2025,25155
INV02141,C052,30-05-2025,10074
INV02142,C005,31-05-2025,31889
INV02143,C018,31-05-2025,15189
INV02144,C033,31-05-2025,30939
INV02145,C007,01-06-2025,58667
INV02146,C011,01-06-2025,4722
INV02147,C026,01-06-2025,56714
INV02148,C015,03-06-2025,25691
INV02149,C023,03-06-2025,25203
INV02150,C051,03-06-2025,59386
INV02151,C012,04-06-2025,55095
INV02152,C012,04-06-2025,27142
INV02153,C003,05-06-2025,13728
INV02154,C004,05-06-2025,13992
INV02155,C006,05-06-2025,24430
INV02156,C013,06-06-2025,6344
INV02157,C007,07-06-2025,9197
INV02158,C008,07-06-2025,53646
INV02159,C030,07-06-2025,56215
INV02160,C042,07-06-2025,15391
INV01184,,06-06-2024,51250
INV02161,C021,08-06-2025,38235
INV02162,C041,08-06-2025,27174
INV02163,C017,09-06-2025,17347
INV02164,C060,09-06-2025,51749
INV02165,C008,10-06-2025,50545
INV02166,C009,10-06-2025,49860
INV02167,C031,11-06-2025,19025
INV02168,C017,12-06-2025,53048
INV02169,C014,13-06-2025,47964
INV02170,C016,13-06-2025,36409
INV02171,C018,13-06-2025,26737
INV02172,C037,13-06-2025,44667
INV02173,C055,13-06-2025,40215
INV02174,C006,14-06-2025,37489
INV02175,C020,14-06-2025,54146
INV02176,C032,14-06-2025,45249
INV02177,C059,14-06-2025,7290
INV02178,C008,15-06-2025,21599
INV02179,C030,15-06-2025,22721
INV02180,C035,15-06-2025,35550
INV02181,C047,15-06-2025,36143
INV02182,C003,16-06-2025,23105
INV02183,C012,16-06-2025,41976
INV02184,C052,16-06-2025,29702
INV01723,C011,,46805
INV02185,C032,17-06-2025,13852
INV02186,C053,17-06-2025,9531
INV02187,C003,18-06-2025,54603
INV02188,C058,18-06-2025,16672
INV02189,C065,18-06-2025,41480
INV02190,C065,18-06-2025,14297
INV02191,C029,19-06-2025,16710
INV01820,C057,29-01-2025,
INV02192,C055,19-06-2025,46890
INV02193,C025,21-06-2025,51027
INV02194,C008,22-06-2025,47625
INV02195,C016,22-06-2025,59259
INV02196,C036,22-06-2025,46382
INV02197,C051,22-06-2025,51433
INV02198,C047,23-06-2025,31966
INV02199,C004,24-06-2025,19994
INV02200,C014,24-06-2025,19487
INV02626,C005,19-12-2025,8484
INV02201,C022,24-06-2025,44412
INV02202,C034,24-06-2025,59019
INV02203,C002,25-06-2025,43904
INV02605,C003,08-12-2025,43514
INV02204,C002,25-06-2025,36588
INV02205,C011,25-06-2025,24812
INV02206,C020,26-06-2025,49991
INV02207,C024,26-06-2025,50623
INV02208,C008,27-06-2025,56835
INV02209,C033,27-06-2025,26446
INV01598,C024,11-11-2024,31109
INV02210,C057,27-06-2025,40132
INV02211,C005,28-06-2025,6310
INV02212,C010,28-06-2025,26712
INV02213,C013,28-06-2025,16376
INV02214,C019,28-06-2025,11684
INV02215,C006,29-06-2025,15310
INV02216,C011,30-06-2025,13438
INV02217,C014,01-07-2025,14560
INV02218,C014,01-07-2025,29379
INV02219,C020,01-07-2025,12511
INV02220,C028,01-07-2025,29529
INV02221,C035,01-07-2025,44541
INV02222,C011,02-07-2025,47033
INV02223,C005,03-07-2025,57369
INV02224,C021,03-07-2025,10223
INV02225,C010,04-07-2025,116061
INV02226,C011,05-07-2025,46748
INV02227,C047,05-07-2025,46123
INV02228,C007,06-07-2025,45932
INV02229,C016,07-07-2025,11356
INV02230,C021,07-07-2025,46239
INV02231,C047,07-07-2025,17634
INV02232,C002,09-07-2025,23890
INV02233,C008,09-07-2025,11888
INV02234,C029,09-07-2025,52030
INV02235,C018,10-07-2025,21248
INV02236,C012,11-07-2025,45162
INV02237,C028,11-07-2025,37676
inv00796,C056,31-12-2023,11101
INV02238,C051,11-07-2025,24992
INV02239,C054,11-07-2025,30170
INV02240,C014,13-07-2025,13682
INV02241,C018,13-07-2025,55387
INV02242,C040,13-07-2025,56948
INV02243,C018,14-07-2025,7892
INV02244,C018,14-07-2025,7634
INV02245,C056,14-07-2025,21462
INV02246,C026,15-07-2025,29392
INV02247,C002,16-07-2025,44223
INV02248,C010,16-07-2025,14335
INV02249,C014,17-07-2025,40597
INV02250,C054,17-07-2025,18683
INV02251,C024,18-07-2025,26164
INV02252,C032,18-07-2025,16199
INV01052,  C008,14-04-2024,40672
INV02253,C041,18-07-2025,47619
INV02254,C005,19-07-2025,9766
INV01644,Cust-031,26-11-2024,30604
INV02255,C016,19-07-2025,25255
INV02256,C030,20-07-2025,14385
INV02257,C035,20-07-2025,8758
INV02258,C058,20-07-2025,37298
INV02259,C017,21-07-2025,48991
INV02260,C026,21-07-2025,31699
INV02261,C012,22-07-2025,8043
INV02262,C015,22-07-2025,8946
INV02263,C046,22-07-2025,50176
INV01364,,14-08-2024,16038
INV02264,C065,22-07-2025,27063
INV02265,C018,23-07-2025,47980
INV02266,C020,23-07-2025,43690
INV02267,C056,23-07-2025,46102
INV02268,C002,24-07-2025,56338
INV02269,C027,25-07-2025,28498
INV01982,C047,,54451
INV02270,C012,26-07-2025,9831
INV02271,C014,26-07-2025,50409
INV02272,C013,27-07-2025,51300
INV02273,C015,27-07-2025,47715
INV02274,C060,27-07-2025,20673
INV02275,C006,28-07-2025,40007
INV02276,C021,28-07-2025,44721
INV02277,C023,28-07-2025,55343
INV02278,C057,28-07-2025,57979
INV02279,C014,29-07-2025,30968
INV02280,C003,30-07-2025,54820
INV02281,C028,30-07-2025,27135
INV02282,C002,31-07-2025,46243
INV02283,C008,01-08-2025,49870
INV02284,C009,01-08-2025,6736
INV02285,C012,01-08-2025,37366
INV02286,C002,02-08-2025,51414
INV02287,C009,02-08-2025,25687
INV02288,C020,02-08-2025,11045
INV02289,C064,02-08-2025,35033
INV02290,C006,03-08-2025,54714
INV02291,C009,03-08-2025,43173
INV02292,C010,03-08-2025,16040
INV02293,C020,03-08-2025,43182
INV02294,C001,04-08-2025,34062
INV02295,C028,04-08-2025,19191
INV02296,C008,05-08-2025,42335
INV02297,C018,05-08-2025,39936
INV02298,C016,06-08-2025,13641
INV02299,C023,06-08-2025,29704
INV02300,C009,07-08-2025,19567
INV02301,C014,07-08-2025,53421
INV02302,C004,08-08-2025,36157
INV02303,C013,08-08-2025,4424
INV02304,C025,08-08-2025,40765
INV02305,C033,08-08-2025,17519
INV02306,C033,09-08-2025,45810
INV01355,C013,09-08-2024,
INV02307,C061,09-08-2025,22643
INV02308,C002,10-08-2025,5594
INV02309,C033,10-08-2025,55850
INV02310,C002,11-08-2025,9893
INV02311,C010,11-08-2025,12031
INV02312,C027,11-08-2025,18861
INV02313,C055,11-08-2025,23885
INV02314,C058,11-08-2025,24702
INV02315,C001,12-08-2025,50928
INV02316,C021,12-08-2025,40887
INV02317,C046,12-08-2025,29348
INV02318,C047,12-08-2025,41256
INV02319,C012,13-08-2025,6798
INV02320,C013,13-08-2025,43978
INV02321,C029,13-08-2025,27167
INV02322,C005,14-08-2025,52440
INV02323,C009,14-08-2025,23904
INV01664,C054,04-12-2024,50682
INV02324,C018,14-08-2025,14752
INV02325,C042,14-08-2025,20696
INV02326,C049,14-08-2025,31344
INV02327,C050,14-08-2025,34260
INV02328,C009,15-08-2025,6815
INV02329,C002,16-08-2025,44076
INV02330,C017,16-08-2025,28399
INV02331,C034,16-08-2025,29813
INV02332,C003,17-08-2025,37493
INV02333,C005,17-08-2025,44396
INV02334,C007,18-08-2025,51297
INV01530,C014,20-10-2024,15914
INV02335,C014,18-08-2025,55341
INV02336,C031,18-08-2025,11693
INV02337,C030,19-08-2025,41237
INV02338,C024,20-08-2025,31219
INV02339,C033,20-08-2025,49234
INV02340,C001,21-08-2025,46214
INV02341,C001,21-08-2025,25864
INV02342,C030,22-08-2025,40787
INV02343,C057,22-08-2025,32409
INV02344,C001,23-08-2025,14670
INV02345,C005,23-08-2025,7869
INV02346,C030,23-08-2025,6833
INV02039,C059,26-Apr-25,53563
INV02347,C004,24-08-2025,57839
INV02348,C004,24-08-2025,58026
INV02349,C017,24-08-2025,48854
INV02350,C029,24-08-2025,38628
INV02351,C019,25-08-2025,43472
inv01497,C034,10-10-2024,21606
INV02352,C059,25-08-2025,16493
INV02353,C046,26-08-2025,58335
INV02354,C059,26-08-2025,55607
INV02355,C060,26-08-2025,52456
INV02356,C001,27-08-2025,53589
INV02357,C003,27-08-2025,22686
INV02358,C047,27-08-2025,45190
INV02359,C035,28-08-2025,23651
INV02360,C004,29-08-2025,32122
INV02361,C010,29-08-2025,54709
INV02362,C016,29-08-2025,52181
INV02363,C028,29-08-2025,5315
INV02364,C002,30-08-2025,10334
INV02365,C023,30-08-2025,57126
INV02366,C026,30-08-2025,36533
INV02367,C002,31-08-2025,21123
INV02368,C031,31-08-2025,13208
INV02369,C044,31-08-2025,52848
INV02370,C049,31-08-2025,24930
INV02371,C032,01-09-2025,39093
INV02238,C051  ,11-07-2025,5274
INV02372,C041,01-09-2025,6620
INV02373,C053,01-09-2025,36069
INV02374,C054,01-09-2025,46333
INV02375,C007,02-09-2025,47271
INV02376,C022,02-09-2025,44364
INV02377,C013,03-09-2025,37559
INV02378,C015,03-09-2025,39045
INV01409,C004 ,30-08-2024,37859
INV02379,C025,03-09-2025,16068
INV02380,C044,03-09-2025,57210
INV02381,C053,05-09-2025,6332
INV02382,C024,06-09-2025,32689
INV02383,C052,06-09-2025,55506
INV02384,C004,07-09-2025,13156
INV02385,C012,07-09-2025,10025
INV02386,C026,07-09-2025,51761
INV02387,C017,08-09-2025,17010
INV02388,C063,08-09-2025,39118
INV02389,C013,09-09-2025,37568
INV01401,,27-08-2024,30079
INV02390,C042,09-09-2025,11738
INV02391,C011,11-09-2025,53367
INV02392,C045,11-09-2025,56071
INV01307,C005,,48275
INV02393,C025,12-09-2025,41838
INV00973,C004,11-03-2024,
INV02394,C031,12-09-2025,29156
INV02395,C035,12-09-2025,32479
INV02396,C006,13-09-2025,10542
INV02397,C012,13-09-2025,7490
INV02398,C001,14-09-2025,45304
INV02399,C018,14-09-2025,52132
INV02400,C014,15-09-2025,55596
INV02401,C055,15-09-2025,46411
INV02402,C010,16-09-2025,20341
INV02403,C024,16-09-2025,40229
INV02404,C025,16-09-2025,4565
INV02405,C011,17-09-2025,21264
INV02406,C030,17-09-2025,33835
INV02407,C035,17-09-2025,11569
INV02408,C038,17-09-2025,41857
INV02409,C039,17-09-2025,4501
INV02410,C043,17-09-2025,53549
INV02411,C064,18-09-2025,58149
INV02412,C017,19-09-2025,51305
INV02413,C021,19-09-2025,8470
INV02414,C003,20-09-2025,43160
INV02415,C006,20-09-2025,9105
INV02416,C001,21-09-2025,11856
INV02417,C019,21-09-2025,39617
INV02418,C033,21-09-2025,11243
INV02419,C006,22-09-2025,34005
INV02420,C013,22-09-2025,7375
INV01769,C025,07-01-2025,44673
INV02421,C012,23-09-2025,3763
INV02422,C034,23-09-2025,31423
INV02423,C064,23-09-2025,52992
INV02424,C006,26-09-2025,46194
INV02425,C014,26-09-2025,23839
INV02426,C026,26-09-2025,34079
INV02427,C008,27-09-2025,13687
INV02428,C017,27-09-2025,56682
INV02429,C053,27-09-2025,31611
INV02430,C006,28-09-2025,57463
INV02431,C014,28-09-2025,7448
INV02432,C034,28-09-2025,38675
INV02433,C008,29-09-2025,10060
INV02434,C049,29-09-2025,47492
INV02435,C014,30-09-2025,36547
INV02436,C012,01-10-2025,10589
INV02437,C013,01-10-2025,44718
INV02438,C037,01-10-2025,8749
INV02439,C025,02-10-2025,54095
INV02440,C003,03-10-2025,4063
INV02441,C004,03-10-2025,50890
INV02442,C006,04-10-2025,8367
INV02443,C007,04-10-2025,39658
INV02444,C021,04-10-2025,17897
INV02445,C006,05-10-2025,58482
INV02446,C007,05-10-2025,17778
INV02447,C007,05-10-2025,40912
INV02448,C014,05-10-2025,34735
INV02449,C020,05-10-2025,53345
INV02450,C035,05-10-2025,4160
INV02451,C045,06-10-2025,54867
INV02452,C061,06-10-2025,12367
INV02453,C016,08-10-2025,11253
INV02454,C033,08-10-2025,33698
INV02455,C009,09-10-2025,33989
INV02456,C011,09-10-2025,39811
INV02457,C032,09-10-2025,7314
INV02458,C001,10-10-2025,33549
INV02459,C007,10-10-2025,42056
INV02460,C027,10-10-2025,25551
INV02461,C009,11-10-2025,12796
INV02462,C022,11-10-2025,23719
INV02463,C009,13-10-2025,22311
INV01283,C041,10-07-2024,41771
INV02464,C027,13-10-2025,36159
INV02465,C014,14-10-2025,39705
INV02466,C055,15-10-2025,13665
INV02467,C003,17-10-2025,44894
INV02468,C009,17-10-2025,42376
INV02469,C016,17-10-2025,58025
INV02470,C065,17-10-2025,16182
INV02471,C005,18-10-2025,32018
INV02472,C026,18-10-2025,40594
INV02473,C007,19-10-2025,8709
INV02474,C038,20-10-2025,47555
INV02475,C023,21-10-2025,55089
INV02476,C031,21-10-2025,32480
INV02477,C001,22-10-2025,24630
INV00710,C048,12/19/2023,12204
INV02478,C033,22-10-2025,4811
INV02479,C049,22-10-2025,52189
INV02480,C003,23-10-2025,6458
INV02481,C005,23-10-2025,37715
INV02482,C051,23-10-2025,26314
INV02483,C031,24-10-2025,55406
INV02484,C001,25-10-2025,46664
INV02485,C008,25-10-2025,12786
INV02486,C014,25-10-2025,21980
INV02487,C030,25-10-2025,38229
INV02488,C064,25-10-2025,26349
INV02489,C006,26-10-2025,13601
INV02490,C015,26-10-2025,33908
INV02491,C016,26-10-2025,44396
INV02492,C016,26-10-2025,54050
INV02493,C003,27-10-2025,31768
INV02494,C007,28-10-2025,37249
INV02495,C013,28-10-2025,54625
INV02496,C027,28-10-2025,18240
INV02497,C050,28-10-2025,58282
INV02498,C033,29-10-2025,32274
INV02499,C002,30-10-2025,25864
INV02500,C048,31-10-2025,34143
INV02501,C008,01-11-2025,15776
INV01435,C0 14,11-09-2024,47905
INV02502,C008,01-11-2025,34694
INV02503,C032,01-11-2025,39298
INV02504,C048,01-11-2025,24550
INV02505,C015,02-11-2025,17914
INV02506,C015,02-11-2025,10945
INV02507,C017,02-11-2025,9441
INV02508,C023,02-11-2025,55760
INV02509,C034,02-11-2025,22376
INV02510,C035,02-11-2025,24966
INV02511,C003,03-11-2025,5344
INV02512,C003,03-11-2025,31800
INV02513,C012,03-11-2025,47524
INV02514,C013,03-11-2025,30167
INV02515,C029,03-11-2025,45164
INV02516,C003,04-11-2025,12554
INV02517,C004,04-11-2025,54405
INV02518,C009,04-11-2025,42901
INV02519,C036,04-11-2025,50694
INV02520,C013,05-11-2025,3876
INV02521,C013,05-11-2025,25751
INV02522,C013,05-11-2025,42522
INV02523,C033,05-11-2025,23337
INV02524,C001,06-11-2025,11529
INV02525,C002,07-11-2025,27601
INV02526,C023,07-11-2025,8082
INV02527,C028,07-11-2025,55163
INV02528,C031,07-11-2025,39756
INV02529,C028,08-11-2025,24625
INV02530,C038,08-11-2025,49455
INV02531,C011,09-11-2025,36370
INV02532,C060,09-11-2025,25033
INV02533,C011,10-11-2025,8636
INV02534,C022,10-11-2025,23856
INV02535,C022,10-11-2025,23475
INV02536,C040,10-11-2025,52893
INV02537,C010,11-11-2025,5024
INV02538,C026,11-11-2025,51203
INV02539,C008,12-11-2025,21424
INV02540,C019,12-11-2025,29810
INV02541,C028,12-11-2025,32334
INV02542,C060,12-11-2025,32782
INV02543,C003,13-11-2025,50568
INV02544,C018,13-11-2025,38963
INV02545,C023,13-11-2025,39185
INV02546,C011,15-11-2025,5757
INV02547,C037,15-11-2025,38439
INV02548,C051,15-11-2025,27117
INV02549,C007,16-11-2025,16149
INV02550,C055,16-11-2025,50967
INV02551,C060,16-11-2025,53859
INV02552,C060,16-11-2025,53256
INV02553,C003,17-11-2025,43426
INV02554,C005,17-11-2025,57277
INV02555,C007,17-11-2025,13093
INV02556,C018,17-11-2025,29660
INV02557,C038,17-11-2025,29676
INV02558,C001,18-11-2025,36733
INV02559,C019,18-11-2025,3636
INV02560,C025,18-11-2025,45058
INV02561,C001,19-11-2025,51591
INV02562,C004,19-11-2025,26106
INV02563,C019,19-11-2025,57192
INV02564,C050,19-11-2025,19237
INV02565,C003,20-11-2025,14420
INV02566,C032,20-11-2025,26187
INV02567,C032,20-11-2025,51621
INV02568,C032,21-11-2025,10652
INV02569,C053,21-11-2025,38374
INV02570,C009,22-11-2025,37605
INV02571,C015,22-11-2025,12082
INV02572,C016,22-11-2025,13357
INV02573,C035,22-11-2025,42583
INV02574,C001,23-11-2025,56888
INV02575,C005,23-11-2025,21773
INV02576,C021,23-11-2025,15552
INV02577,C032,24-11-2025,4030
INV02578,C006,25-11-2025,54543
INV02579,C002,26-11-2025,14607
INV02580,C002,26-11-2025,29699
INV02581,C018,26-11-2025,57119
INV02582,C020,26-11-2025,15282
INV02583,C026,26-11-2025,23844
INV02584,C027,26-11-2025,57876
INV02585,C032,26-11-2025,55217
INV02586,C002,27-11-2025,30078
INV02587,C005,27-11-2025,37828
INV02588,C042,27-11-2025,20382
INV02589,C001,28-11-2025,7133
INV02590,C030,30-11-2025,7753
INV02591,C011,01-12-2025,8586
INV02592,C034,01-12-2025,17794
INV02593,C009,02-12-2025,48474
INV02594,C046,02-12-2025,17887
INV02595,C022,03-12-2025,42939
INV02596,C024,03-12-2025,44354
INV02597,C011,04-12-2025,51183
INV02598,C011,04-12-2025,4299
INV02599,C021,05-12-2025,25829
INV02600,C005,06-12-2025,25974
INV02601,C006,06-12-2025,50803
INV02602,C024,06-12-2025,23777
INV02603,C030,06-12-2025,19946
INV02604,C003,08-12-2025,39227
INV02605,C003,08-12-2025,58841
INV02606,C005,08-12-2025,55834
INV02607,C006,08-12-2025,12910
INV02608,C014,08-12-2025,34197
INV02609,C037,08-12-2025,9593
INV02610,C040,08-12-2025,12411
INV02611,C006,09-12-2025,46611
INV02612,C016,10-12-2025,18412
INV02613,C031,10-12-2025,13832
INV02614,C017,11-12-2025,59600
INV02615,C005,12-12-2025,30282
INV02616,C029,12-12-2025,37521
INV02617,C029,12-12-2025,30073
INV02618,C029,12-12-2025,48238
INV02619,C010,13-12-2025,19527
INV02620,C004,15-12-2025,37168
INV02621,C038,15-12-2025,22625
INV02622,C006,16-12-2025,53511
INV02623,C010,16-12-2025,53448
INV02624,C033,16-12-2025,46152
INV02625,C003,17-12-2025,59868
INV02626,C005,19-12-2025,18494
INV02627,C036,19-12-2025,16456
INV02628,C041,20-12-2025,52459
INV02629,C003,21-12-2025,40590
INV02630,C007,23-12-2025,41103
INV02631,C034,24-12-2025,8546
INV02632,C046,27-12-2025,49805
INV02633,C003,29-12-2025,13770
INV02634,C034,29-12-2025,8503
INV02635,C006,30-12-2025,6541
